型号,对应铅酸电池电压(V),电压(V),单体电芯容量(Ah),容量(Ah),尺寸(mm),总重量(kg),配重(kg),适用叉车型号,长(mm),宽(mm),高(mm),型号编码
F48314P,48,51.2,314,314.0,830*630*627,813.0,481.0,J2.0XNT MWB,830.0,630.0,627.0,625
F48460BQ-A,48,51.2,230,460.0,965.2*609.6*571.5,1030.0,750.0,Hyundai 20BT-9U,965.2,609.6,571.5,764
F36690BZ,36,38.4,230,690.0,977*519*782,1280.0,905.0,CROWN RR,977.0,519.0,782.0,481
F24150I-A,24,25.6,150,150.0,650*185*604,140.0,81.0,,650.0,185.0,604.0,49
F24230P,24,25.6,230,230.0,624*284*627,125.0,57.0,P2.0S,624.0,284.0,627.0,161
F48230H,48,51.2,230,230.0,690*260*570,126.0,0.0,,690.0,260.0,570.0,582
F48690CJ,48,51.2,230,690.0,999*540*580,830.0,0.0,Toyota 8FBV25,999.0,540.0,580.0,1070
F24560AB,24,25.6,280,560.0,896*325*571.5,418.0,0.0,Hyster R30XMS3,896.0,325.0,571.5,303
F48690CS,48,51.2,230,690.0,830*738*627,960.0,612.0,Yale ERP15-20VT,830.0,738.0,627.0,1077
F48420APR-A,48,51.2,105,420.0,830*522*627,673.0,0.0,SCT6220,830.0,522.0,627.0,673
F48560EI-A,48,51.2,280,560.0,800*710*440,350.0,0.0,KMS,800.0,710.0,440.0,958
F48420BH,48,51.2,105,420.0,830*630*627,856.0,591.0,Caterpilar EP20N2,830.0,630.0,627.0,688
F48690AK,48,51.2,230,690.0,903*813*558,970.0,570.0,Toyota 7FBH25,903.0,813.0,558.0,1023
F48460U-A,48,51.2,230,460.0,1006*522*627,812.0,474.0,TCM FTB18-E4,1006.0,522.0,627.0,861
F80280G,80,80.0,280,280.0,930*625*600,460.0,0.0,,930.0,625.0,600.0,1172
F24560S,24,25.6,280,560.0,901*330*571,409.0,258.0,HYSTER R30XMS,901.0,330.0,571.0,317
F96840CLA-A,96,96.0,280,840.0,1170*770*770,850.0,0.0,Clark L70XE,1170.0,770.0,770.0,1393
F48690W-A,48,51.2,230,690.0,978*630*635,1905.0,1395.0,Hyster E100XN,978.0,630.0,635.0,1105
F48690CW,48,51.2,230,690.0,780*509*830,1451.5,0.0,"Combilift
",780.0,509.0,830.0,1081
F48840R,48,51.2,280,840.0,822*744*772,1590.0,0.0,Aisle Master AM20WHE,822.0,744.0,772.0,1123
F36160A,36,38.4,160,160.0,735*275*330,75.0,0.0,Taylor-Dunn C4-32,735.0,275.0,330.0,348
F48450A,48,51.2,150,450.0,870*474*467,220.0,0.0,,870.0,474.0,467.0,726
F36840I,36,38.4,280,840.0,973*508*746.5,1179.0,817.0,YALE NDR035EC,973.0,508.0,746.5,543
F80230B,80,83.2,230,230.0,980*560*525,375.0,0.0,,980.0,560.0,525.0,1163
F80560M,80,80.0,280,560.0,1028*755*726,1900.0,1310.0,DOOSAN B30X-7 PLUS,1028.0,755.0,726.0,1275
F24320A,24,25.6,160,320.0,998*210*765,330.0,180.0,,998.0,210.0,765.0,236
F48420APR-B,48,51.2,105,420.0,830*630*627,855.0,530.0,SCT6240 ,830.0,630.0,627.0,674
F48690BM,48,51.2,230,690.0,905*815*475,820.0,475.0,8FB25,905.0,815.0,475.0,1053
F48420BG,48,51.2,105,420.0,900*810*475,860.0,530.0,,900.0,810.0,475.0,686
F48460FG,48,51.2,230,460.0,973*733*400,564.0,0.0,EPX16/20SFL,973.0,733.0,400.0,844
F36690CLA-B,36,38.4,230,690.0,990*639*781,1179.0,780.0,CLARK,990.0,639.0,781.0,495
F80690Z,80,80.0,230,690.0,2066*672*646,2608.0,1800.0,Combilift CB155E,2066.0,672.0,646.0,1340
F36690BC-J,36,38.4,230,690.0,970*518*749,1227.0,884.0,,970.0,518.0,749.0,459
F36608M,36,38.4,304,608.0,970*628*571.5,1020.0,740.0,Hyster J40XN,970.0,628.0,571.5,410
F48460CJ,48,51.2,230,460.0,830*522*627,812.0,582.0,FB16,830.0,522.0,627.0,783
F24150Q,24,25.6,150,150.0,621*209*625,212.0,159.0,,621.0,209.0,625.0,55
F48210F,48,51.2,105,210.0,750*340*550,355.0,205.0,4CBTK4,750.0,340.0,550.0,571
F80420PB,80,80.0,105,420.0,1025*852*784,1780.0,1480.0,现代30BH-9,1025.0,852.0,784.0,1206
F24560H,24,25.6,280,560.0,792*355*812,350.0,155.0,M025-M,792.0,355.0,812.0,307
F72560D,72,76.8,280,560.0,1026*975*502,1244.0,0.0,小松FB25-12,1026.0,975.0,502.0,1151
F24210APR-D,24,25.6,105,210.0,725*200*668,292.0,212.0,WT3040-20\DT3040-20,725.0,200.0,668.0,105
F48560CI,48,51.2,280,560.0,970*755*571.5,1225.0,875.0,CAT EC25N,970.0,755.0,571.5,906
F48690T,48,51.2,230,690.0,880*760*460,450.0,0.0,,880.0,760.0,460.0,1098
F48280AI,48,51.2,280,280.0,960*365*565,560.0,650.0,8FBR18,960.0,365.0,565.0,592
F48460DQ,48,51.2,230,460.0,1223*355*784,939.0,656.0,,1223.0,355.0,784.0,810
F48560EM,48,51.2,280,560.0,970*622*584,977.0,608.0,Yale ERP040VT,970.0,622.0,584.0,962
F24460U,24,25.6,230,460.0,628*288*784,385.0,0.0,Linde,628.0,288.0,784.0,296
F36628G,36,38.4,314,628.0,990*420*820,1270.0,0.0,BR20SP-7,990.0,420.0,820.0,426
F48460F,48,51.2,230,460.0,978*656*631,1053.0,697.0,SE235 GEX20-30 30DEC,978.0,656.0,631.0,840
F48314F,48,51.2,314,314.0,782*427*472,180.0,0.0,8FBN15/Nichiyu FB80,782.0,427.0,472.0,619
F24460G,24,25.6,230,460.0,624*356*627,352.0,127.0,LO2.5 Chinese,624.0,356.0,627.0,286
F80840P,80,80.0,280,840.0,1009*984*749,2132.0,0.0,,1009.0,984.0,749.0,1352
F48315U,48,51.2,105,315.0,752*342*551,200.0,1.0,Hyundai 16B-9F,752.0,342.0,551.0,647
F24210BE,24,25.6,105,210.0,790*310*630,300.0,227.0,HGLLI24210EV,790.0,310.0,630.0,121
F36628F,36,38.4,314,628.0,970*832*572,1270.0,0.0,Hyster E50XN-33,970.0,832.0,572.0,425
F48210B-A-J,48,51.2,105,210.0,950*370*550,480.0,0.0,,950.0,370.0,550.0,566
F80460R,80,80.0,230,460.0,913*847*1018,1437.0,967.0,Combilift C5000ET,913.0,847.0,1018.0,1247
F36560R,36,38.4,280,560.0,965*457*749,1180.0,850.0,LINDE R15SDX DEEP,965.0,457.0,749.0,398
F24230AU,24,25.6,230,230.0,755*309*571,263.0,0.0,Mariotti ME8C,755.0,309.0,571.0,150
F48560CR,48,51.2,280,560.0,904*810*477,840.0,0.0,7FB20-25,904.0,810.0,477.0,916
F24840B,24,25.6,280,840.0,975*360*825,761.0,495.0,永恒力EKS314,975.0,360.0,825.0,343
F48690AT,48,51.2,230,690.0,980*673*596,1180.0,850.0,21HX-91200,980.0,673.0,596.0,1032
F24304I,24,25.6,304,304.0,840*270*505,180.0,73.4,SRP 13 5350,840.0,270.0,505.0,206
F36608Q,36,38.4,304,608.0,970*704*571,1182.0,862.0,Hyster E50XN-28,970.0,704.0,571.0,412
F24230AA,24,25.6,230,230.0,786*310*630,280.0,198.0,Linde V08,786.0,310.0,630.0,135
F80560X-B,80,80.0,280,560.0,1028*711*784,1558.0,1122.0,CAT EP25ACN,1028.0,711.0,784.0,1284
F48560EL,48,51.2,280,560.0,1030*796*533,1150.0,0.0,,1030.0,796.0,533.0,961
F48304C,48,51.2,304,304.0,770*489*500,205.0,0.0,,770.0,489.0,500.0,607
F36560AP,36,38.4,280,560.0,979*455.5*577.5,349.0,75.0,Toyota RF1-BH2X30,979.0,455.5,577.5,376
F48560DL,48,51.2,280,560.0,900*500*710,1380.0,1002.0,EP CQD15S-A,900.0,500.0,710.0,936
F24280W,24,25.6,280,280.0,727*200*690,275.0,185.0,,727.0,200.0,690.0,196
F48608AF,48,51.2,304,608.0,980*406*790,998.0,0.0,Yale ESC030AD,980.0,406.0,790.0,987
F80560S,80,83.2,280,560.0,1032*853*752,1920.0,1320.0,CB 30,1032.0,853.0,752.0,1280
F80840W,80,80.0,280,840.0,1020*990*780,2200.0,1619.0,50B-9,1020.0,990.0,780.0,1360
F36560AB,36,38.4,280,560.0,851*655*571.5,884.5,540.0,Toyota 7FBCU18,851.0,655.0,571.5,364
F24100G-E,24,25.6,105,100.0,635*180*538,55.0,0.0,,635.0,180.0,538.0,8
F24230AI,24,25.6,230,230.0,635*210*624,227.0,0.0,Linde L14,635.0,210.0,624.0,143
F36690BN,36,38.4,230,690.0,970*510*775,1265.0,988.0,RMD6095S-32,970.0,510.0,775.0,468
F24460AH,24,25.6,230,460.0,779*325*571,363.0,0.0,Yale  MPC060L/MO50T,779.0,325.0,571.0,276
F24460W,24,25.6,230,460.0,642*200*825,444.0,0.0,Linde,642.0,200.0,825.0,298
F36840BE,36,38.4,280,840.0,578*982*787,1395.0,0.0,Crown RMD6000S,578.0,982.0,787.0,525
F24460N,24,25.6,230,460.0,790*330*784,510.0,378.0,Crown PE4000-60,790.0,330.0,784.0,291
F36840P,36,38.4,280,840.0,981*604*787,1406.0,0.0,,981.0,604.0,787.0,551
F48560DX,48,51.2,280,560.0,970*755*571.5,1225.0,875.0,Hyster E50XN,970.0,755.0,571.5,947
F48690CH,48,51.2,230,690.0,830*745*845,1465.0,990.0,Crown 20WHE,830.0,745.0,845.0,1068
F48420AW,48,51.2,105,420.0,830*522*627,708.0,458.0,CLark GTX 16,830.0,522.0,627.0,679
F48314Q,48,51.2,314,314.0,1223*283*784,750.0,0.0,Yale MR16,1223.0,283.0,784.0,626
F24608C,24,25.6,304,608.0,792*357*812,730.0,510.0,Hyundai13BOP-9,792.0,357.0,812.0,325
F24560T,24,25.6,280,560.0,779*325*571,375.0,0.0,"Hyster W20ZR, W25ZC, W30ZR",779.0,325.0,571.0,318
F48690CV,48,51.2,230,690.0,980*785*525,983.0,0.0,,980.0,785.0,525.0,1080
F48690DB,48,51.2,230,690.0,1120*427*780,1200.0,780.0,Still FM-X 20HD,1120.0,427.0,780.0,1086
F36690CG,36,38.4,230,690.0,970*520*571,816.5,495.0,Hyster J30XN,970.0,520.0,571.0,489
F24210W,24,25.6,105,210.0,624*284*627,295.0,215.0,LINDE D21-TYPE133,624.0,284.0,627.0,130
F36690BS,36,38.4,230,690.0,970*628*571.5,1043.0,755.0,Hyste J40XN,970.0,628.0,571.5,473
F80280CLA-A,80,80.0,280,280.0,530*560*600,305.0,95.0,Clark L25XE,530.0,560.0,600.0,1168
F80840AC,80,80.0,280,840.0,1025*996*784,1792.0,2100.0,,1025.0,996.0,784.0,1342
F48230I,48,51.2,230,230.0,538*560*441,145.0,0.0,,538.0,560.0,441.0,583
F80230C,80,80.0,230,230.0,973*733*400,291.0,0.0,EPX16/20SFL,973.0,733.0,400.0,1164
F80560AA,80,80.0,280,560.0,1143*990*571,1679.0,1215.0,Yale ERC80-120VH,1143.0,990.0,571.0,1255
F48280AF,48,51.2,280,280.0,970*270*560,175.0,0.0,MFZ16 NEW,970.0,270.0,560.0,589
F24230S,24,25.6,230,230.0,644*220*615,195.0,120.0,WP 3000,644.0,220.0,615.0,164
F80460AC,80,80.0,230,460.0,1025*852*784,1900.0,1620.0,Doosan B25X-7,1025.0,852.0,784.0,1216
F80560AH,80,80.0,280,560.0,975*998*571,1568.0,1045.0,Yale ERC065/070,975.0,998.0,571.0,1262
F36608B-A,36,38.4,304,608.0,987*628*613,1050.0,763.0,,987.0,628.0,613.0,403
F48420CM,48,51.2,105,420.0,1030*490*655,1032.0,768.0,BAOLI KBE 20,1030.0,490.0,655.0,712
F80460AF,80,83.2,230,460.0,1028*680*780,1420.0,993.0,Hyster J3.5UT,1028.0,680.0,780.0,1219
F48608N,48,51.2,304,608.0,970*831*571,1542.0,1037.0,CA48-1190-32OC-Li (300amps),970.0,831.0,571.0,999
F48460EV,48,51.2,230,460.0,810*805*475,700.0,470.0,Unicarer T1B2R25,810.0,805.0,475.0,835
F48460DS-A,48,51.2,230,460.0,1223*355*784,1006.0,603.0,813297-D,1223.0,355.0,784.0,813
F48150B,48,51.2,150,150.0,800*410*480,120.0,0.0,EP QDD30TS-C,800.0,410.0,480.0,565
F48560DU,48,51.2,280,560.0,952*584*622,1021.0,671.0,Linde E18C,952.0,584.0,622.0,944
F80840B,80,83.2,280,840.0,1028*855*784,1863.0,1208.0,Linde E30/600-387,1028.0,855.0,784.0,1344
F80460AY,80,80.0,230,460.0,1028*711*713,1800.0,0.0,CLARK,1028.0,711.0,713.0,1236
F24210AE-A,24,25.6,105,210.0,610*200*610,74.0,0.0,,610.0,200.0,610.0,93
F96460A,96,96.0,230,460.0,1025*710*785,1100.0,0.0,,1025.0,710.0,785.0,1389
F36628H,36,38.4,314,628.0,970*680*530,1270.0,0.0,CROWN,970.0,680.0,530.0,427
F48210B-B,48,51.2,105,210.0,970*370*550,500.0,370.0,,970.0,370.0,550.0,567
F48560FB,48,51.2,280,560.0,1123*427*784,1119.0,0.0,Linde Reach Truck,1123.0,427.0,784.0,974
F24230Q,24,25.6,230,230.0,624*284*627,288.0,228.0,S1.4S,624.0,284.0,627.0,162
F48608G,48,51.2,304,608.0,1026*568*780,910.0,541.0,住友项目,1026.0,568.0,780.0,993
F48608AJ,48,51.2,304,608.0,1030*780*525,1154.0,606.0,  Hyster R1.6N,1030.0,780.0,525.0,991
F36628J,36,38.4,314,628.0,525*981*574,1024.0,0.0,,525.0,981.0,574.0,429
F36628B,36,38.4,314,628.0,970*434*750,1111.3,0.0,Yale ESC040AD,970.0,434.0,750.0,420
F36560AF,36,38.4,280,690.0,977.5*342.5*711,771.0,476.0,"YALE-NDR040DC
",977.5,342.5,711.0,368
F36840BR,36,38.4,280,840.0,970*510*775,1180.0,800.0,Crown RMD6095S ,970.0,510.0,775.0,536
F48460CQ,48,51.2,230,460.0,827*627*627,875.0,611.0,,827.0,627.0,627.0,789
F80420P,80,80.0,105,420.0,1009*831*749,2132.0,1550.0,ERPO50VL/ERPO60VL,1009.0,831.0,749.0,1204
F48210B-D,48,51.2,105,210.0,955*370*550,480.0,350.0,,955.0,370.0,550.0,569
F48560DN,48,51.2,280,560.0,900*425*570,350.0,0.0,"BT RRE160
",900.0,425.0,570.0,938
F80420L,80,80.0,105,420.0,1028*855*744,1870.0,1323.0,Doosan B30X-7,1028.0,855.0,744.0,1202
F24560AA,24,25.6,280,560.0,780*325*590,375.0,210.0,MPE060LG,780.0,325.0,590.0,302
F36690DB,36,38.4,230,690.0,970*343*774,750.0,442.0,Hyster R30XM3,970.0,343.0,774.0,510
F36912A,36,38.4,304,912.0,978*571*757,1415.0,979.0,RMD 6095S 442”F,978.0,571.0,757.0,561
F72690B,72,70.6,230,690.0,1026*975*502,1244.0,0.0,小松FB25-12,1026.0,975.0,502.0,1155
F48460BT,48,51.2,230,460.0,905*540*375,234.0,0.0,7FB20,905.0,540.0,375.0,767
F48420BD,48,51.2,105,420.0,815*670*556,810.0,577.0,Toyota 7FBH15,815.0,670.0,556.0,683
F80690Y,80,80.0,230,690.0,948*815*585,1000.0,505.0,,948.0,815.0,585.0,1339
F36314A,36,38.4,314,314.0,896.5*414*685.5,612.0,0.0,MOTREC MT-210,896.5,414.0,685.5,350
F48690DA,48,51.2,230,690.0,1135*970*576,1815.0,1465.0,,1135.0,970.0,576.0,1085
F24210BB,24,25.6,105,210.0,620*280*623,300.0,215.0,Crown ES4000,620.0,280.0,623.0,119
F24280AC,24,25.6,280,280.0,786*211*630,280.0,188.0,LINDE T20AP,786.0,211.0,630.0,173
F24460H,24,25.6,230,460.0,778*322*587,498.9,354.0,CROWN PC 4500,778.0,322.0,587.0,287
F80840U,80,80.0,280,840.0,1009*831*749,2109.0,0.0,,1009.0,831.0,749.0,1358
F80230CLA-C,80,76.8,230,230.0,980*785*360,235.0,0.0,Clark LEP20/25,980.0,785.0,360.0,1167
F24460R,24,25.6,230,460.0,777*325*571,318.0,217.0,Yale MCW040E,777.0,325.0,571.0,294
F36690AT,36,38.4,230,690.0,985*635*645,950.0,650.0,Clark SE20T,985.0,635.0,645.0,448
F48840P,48,51.2,280,840.0,1035*543*787,1065.0,551.0,TSP1000-1.0,1035.0,543.0,787.0,1121
F80840S,80,80.0,280,840.0,1009*831*749,1814.0,0.0,,1009.0,831.0,749.0,1355
F80690W,80,80.0,230,690.0,1016*965*768,2200.0,0.0,,1016.0,965.0,768.0,1337
F48560CL,48,51.2,280,560.0,900*420*570,360.0,0.0,RRE-160M,900.0,420.0,570.0,909
F24420L,24,25.6,105,420.0,972*415*790,740.0,580.0,13BOP-9,972.0,415.0,790.0,262
F24200N,24,25.6,100,200.0,635*208*538,250.0,150.0,HYSTER W25Z,635.0,208.0,538.0,85
F48460EK,48,51.2,230,460.0,1035*300*700,260.0,0.0,Hyundai 20BJ-9,1035.0,300.0,700.0,825
F48690AC,48,51.2,230,690.0,1223*499*784,1350.0,975.0,Crown ESR1041-2.0,1223.0,499.0,784.0,1021
F48460FA,48,51.2,230,460.0,828*622*597,975.0,685.0,Hyster J35UTT,828.0,622.0,597.0,841
F48230J,48,51.2,230,230.0,715*245*530,125.0,0.0,,715.0,245.0,530.0,584
F80628F,80,80.0,314,628.0,1028*784*855,1770.0,1105.0,FB50CN,1028.0,784.0,855.0,1302
F80840Z,80,80.0,280,840.0,1028*850*784,1792.0,1294.0,Linde E35HL,1028.0,850.0,784.0,1363
F48314D,48,51.2,314,314.0,830*630*627,847.0,631.0,FB20N2,830.0,630.0,627.0,617
F48460FT,48,51.2,230,460.0,815*740*475,680.0,0.0,Toyota 7FBH18 ,815.0,740.0,475.0,853
F48460CG,48,51.2,230,460.0,830*522*627,708.0,420.0,CLARK GTX16,830.0,522.0,627.0,781
F24460M,24,25.6,230,460.0,810*340*640,449.0,0.0,MPE060-G,810.0,340.0,640.0,290
F24460F,24,25.6,230,460.0,792*212*812,384.0,226.0,Hyster L02.0S,792.0,212.0,812.0,285
F72420E,72,73.6,105,420.0,1025*705*780,1180.0,0.0,Hyster J3.0GX,1025.0,705.0,780.0,1137
F80690AF,80,80.0,230,690.0,1350*440*570,472.0,0.0,Raniero,1350.0,440.0,570.0,1309
F48304L,48,51.2,304,304.0,770*489*500,390.0,185.0,toyota CBT6,770.0,489.0,500.0,614
F80608H,80,80.0,304,608.0,1025*852*784,1600.0,0.0,Hyundai 30/32/35BH-9,1025.0,852.0,784.0,1294
F24400K,24,25.6,100,400.0,928*210*759,330.0,200.0,SBR16N2,928.0,210.0,759.0,258
F24560X,24,25.6,280,560.0,779*323*776,644.0,0.0,Crown,779.0,323.0,776.0,322
F24840D,24,25.6,280,840.0,965*355*812,680.4,0.0,Linde V15,965.0,355.0,812.0,345
F48690S,48,51.2,230,690.0,880*760*460,450.0,0.0,,880.0,760.0,460.0,1097
F24150Y,24,25.6,150,150.0,400*208*486,290.0,0.0,,400.0,208.0,486.0,60
F36560BL,36,38.4,280,560.0,970*619*577,818.0,540.0,Bobcat (Doosan) B18T-7,970.0,619.0,577.0,394
F48690AU,48,51.2,230,690.0,984*466*744,1000.0,638.0,25B-X,984.0,466.0,744.0,1033
F80690AD,80,80.0,230,690.0,1028*855*784,2150.0,0.0,Caterpillar EP50CN,1028.0,855.0,784.0,1307
F80460S,80,83.2,230,460.0,1010*980*749,2109.2,1687.5,Hyundai 40B-9,1010.0,980.0,749.0,1248
F48560EH,48,51.2,280,560.0,1220*427*780,1200.0,790.0,Hyster R1.6L,1220.0,427.0,780.0,956
F48560BU,48,51.2,280,560.0,680*980*595,1100.0,750.0,Hyster E50XN,680.0,980.0,595.0,892
F80690AC,80,80.0,230,690.0,1015*845*780,1800.0,1302.0,Hyundai 30BH-9,1015.0,845.0,780.0,1306
F36942D,36,38.4,314,840.0,978*685*584,1068.0,653.0,Yale ERC050VG,978.0,685.0,584.0,562
F36690BS-A,36,38.4,230,690.0,970*628*571.5,1043.0,755.0,Hyste J40XN,970.0,628.0,571.5,474
F48560DM,48,51.2,280,560.0,1006*630*627,862.0,534.0,"FB20N2T
FB20N2",1006.0,630.0,627.0,937
F48608Y,48,51.2,304,608.0,830*630*627,880.0,529.0,Hyster J1.8XN,830.0,630.0,627.0,1008
F24628A,24,25.6,314,628.0,786*330*700,460.0,0.0,,786.0,330.0,700.0,329
F36690A-A,36,38.4,230,690.0,968*516*780,1180.0,790.0,20BCS-9,968.0,516.0,780.0,430
F80690AH,80,80.0,230,690.0,1617*617*850,2210.0,1610.0,Combilift C6000ESL,1617.0,617.0,850.0,1311
F48690CA,48,51.2,230,690.0,970*679*571.5,1134.0,0.0,Hyster E50XN,970.0,679.0,571.5,1063
F80460Y,80,80.0,230,460.0,1028*711*744,1558.0,1016.0,,1028.0,711.0,744.0,1254
F80560Z,80,80.0,280,560.0,1009*832*749,1909.0,1445.0,Mit FB25AN 40-P95-11,1009.0,832.0,749.0,1285
F48690BT,48,51.2,230,690.0,1117.5*990.5*571.5,1633.0,1322.0,Hyster E65-80XN,1117.5,990.5,571.5,1059
F48460FC,48,51.2,230,460.0,830*630*627,856.0,577.0,,830.0,630.0,627.0,843
F48690AM,48,51.2,230,690.0,415*510*784,860.0,370.0,,415.0,510.0,784.0,1025
F80690U,80,80.0,230,690.0,1003*977*749,2109.0,1550.0,CLARK GEX40 39,1003.0,977.0,749.0,1335
F36690CT,36,38.4,230,690.0,970*518*749,1224.0,912.0,Doosan B20T,970.0,518.0,749.0,502
F48460BG,48,51.2,230,460.0,980*627*625,1100.0,820.0,B20X-7 Bobcat,980.0,627.0,625.0,756
F36560BB,36,38.4,280,560.0,982*405*778,889.0,658.0,Yale NR035EC,982.0,405.0,778.0,387
F36690BA,36,38.4,230,690.0,970*679*571,1138.0,868.0,TALE ERC05VG,970.0,679.0,571.0,455
F48560EK,48,51.2,280,560.0,1223*283*784,750.0,0.0,Linde reach R14,1223.0,283.0,784.0,960
F80840V,80,80.0,280,840.0,1400*830*785,2500.0,1585.0,Carer R50H2,1400.0,830.0,785.0,1359
F24560Y,24,25.6,280,560.0,835*277*784,502.0,399.0,Linde V10,835.0,277.0,784.0,323
F24210AJ,24,25.6,105,210.0,624*212*627,76.0,0.0,Crown WT3020,624.0,212.0,627.0,97
F24560N,24,25.6,280,560.0,780*425*470,180.0,0.0,Avant ,780.0,425.0,470.0,313
F48690CX,48,51.2,230,690.0,1110*515*774.7,1363.0,0.0,,1110.0,515.0,774.7,1082
F24200H,24,25.6,100,200.0,600*170*580,85.0,0.0,Big Joe PDS30-157,600.0,170.0,580.0,80
F24210P,24,25.6,105,210.0,560*180*510,65.0,0.0,,560.0,180.0,510.0,124
F48560BJ,48,51.2,280,560.0,830*630*627,813.0,503.0,Hyster J2.0XN,830.0,630.0,627.0,884
F24100G-G,24,25.6,105,100.0,660*191*594,55.0,0.0,,660.0,191.0,594.0,10
F48460LF-B,48,51.2,230,460.0,800*590*470,238.0,0.0,FB25-72,800.0,590.0,470.0,859
F24230AV,24,25.6,230,230.0,670*195*625,120.0,128.0,PBP16N3,670.0,195.0,625.0,151
F80420K,80,80.0,105,420.0,1026*853*784,1863.0,1330.0,CLARK GEX40/30,1026.0,853.0,784.0,1201
F80840X,80,80.0,280,840.0,1285*1030*780,2874.0,2043.0,9FBM60T,1285.0,1030.0,780.0,1361
F24400D,24,25.6,100,400.0,727*280*669,315.0,0.0,PBV20N3,727.0,280.0,669.0,252
F48560CD,48,51.2,280,560.0,990*652*627,810.0,482.0,8FBN25,990.0,652.0,627.0,902
F80560C-A,80,80.0,280,560.0,1028*999*784,2130.0,0.0,HYSTER J5.5XN,1028.0,999.0,784.0,1266
F80560I,80,80.0,280,560.0,1028*711*784,1558.0,1035.0,GEX20/25,1028.0,711.0,784.0,1270
F72560A,72,73.6,280,560.0,1630*330*835,1356.0,770.0,Combilift C11000GTE,1630.0,330.0,835.0,1149
F80460AD,80,80.0,230,460.0,1028*711*744,1558.0,1016.0,,1028.0,711.0,744.0,1217
F36690CC,36,38.4,230,690.0,965*508*749,1270.0,0.0,Crown RC5545-40's,965.0,508.0,749.0,485
F24608D,24,25.6,304,608.0,970*415*780,456.0,259.0,YALE MO12C,970.0,415.0,780.0,326
F36460A,36,38.4,230,460.0,971*510*780,1270.0,1055.0,,971.0,510.0,780.0,353
F24210Z,24,25.6,105,210.0,727*280*674,285.0,188.0,Mitsubishi SBV16N3I,727.0,280.0,674.0,133
F36560AQ,36,38.4,280,560.0,969*339*776,750.0,490.0,Hyster R30XMA3,969.0,339.0,776.0,377
F24460P,24,25.6,230,460.0,772*314*762,409.0,235.0,12-100-13,772.0,314.0,762.0,292
F72420D,72,73.6,105,420.0,1135*970*430,1145.0,0.0,KOMATSU FE30,1135.0,970.0,430.0,1136
F36840BD,36,38.4,280,840.0,565*976*787,1320.0,970.0,Crown RMD6025,565.0,976.0,787.0,524
F24230AB,24,25.6,230,230.0,621*209*625,230.0,128.0,PBP16N3,621.0,209.0,625.0,137
F48460AU,48,51.2,230,460.0,1224*356*785,985.0,645.0,,1224.0,356.0,785.0,748
F48420H-B,48,51.2,105,420.0,960*620*630,1000.0,750.0,Hyundai 20BT-9U,960.0,620.0,630.0,720
F90840A,90,89.6,280,840.0,1028*999*784,1458.0,913.0,Linde E50HL-1245,1028.0,999.0,784.0,1380
F24210Z-A,24,25.6,105,210.0,727*280*674,285.0,188.0,Mitsubishi SBV16N3I,727.0,280.0,674.0,134
F961120B,96,96.0,280,1120.0,1215*715*775,4060.0,2710.0,CALIZIA GF420 Pick&Carry Crane,1215.0,715.0,775.0,1385
F24314N,24,25.6,314,314.0,790*310*630,300.0,216.0,HGLLI24314EV,790.0,310.0,630.0,220
F36840D,36,38.4,280,840.0,970*831.5*571.5,1409.0,1083.0,Toyota 8FBCU32,970.0,831.5,571.5,541
F36608S,36,38.4,304,608.0,977*512*600,955.0,650.0,,977.0,512.0,600.0,414
F24560V,24,25.6,280,560.0,970*304*775,681.0,339.0,"YALE NR040DC (24V/12.5"")",970.0,304.0,775.0,320
F24460X,24,25.6,230,460.0,772*323*762,444.5,0.0,Raymond 8410,772.0,323.0,762.0,299
F48460CK,48,51.2,230,460.0,830*522*590,750.0,458.0,Hyster J1.5XNT,830.0,522.0,590.0,784
F48460DG,48,51.2,230,460.0,1223*355*784,900.0,604.0,Crown ESR-1240,1223.0,355.0,784.0,803
F48280I-A,48,51.2,280,280.0,960*375*565,460.0,270.0,Hyster R1.50/1.80EX,960.0,375.0,565.0,595
F80690AB,80,80.0,230,690.0,1009*830*767,1928.0,1430.0,Caterpillar 2EP7000,1009.0,830.0,767.0,1305
F48460FB,48,51.2,230,460.0,975*420*645,813.0,580.0,FB18-20,975.0,420.0,645.0,842
F48460BZ,48,51.2,230,460.0,830*738*627,997.0,733.0,Cat 2ET4000,830.0,738.0,627.0,773
F36690CQ,36,38.4,230,690.0,970*393.5*762,998.0,710.0,Linde R17SX,970.0,393.5,762.0,499
F48420R-B,48,51.2,105,420.0,950*365*570,230.0,0.0,,950.0,365.0,570.0,725
F24100G-A,24,25.6,100,100.0,635*180*538,60.0,0.0,,635.0,180.0,538.0,3
F48400G,48,51.2,100,400.0,813*740*480,700.0,450.0,TOYOTA 7Fb15,813.0,740.0,480.0,661
F36690BJ,36,38.4,230,690.0,960*455*755,1100.0,0.0,RC5735-35,960.0,455.0,755.0,464
F24560R,24,25.6,280,560.0,767*325*660,397.0,263.0,HYSTER BE100ZHD,767.0,325.0,660.0,316
F24100G,24,25.6,105,100.0,635*215.9*538,60.0,0.0,,635.0,215.9,538.0,2
F48560AN,48,51.2,280,560.0,971.5*831*581,1465.0,945.0,Yale ERC060VG,971.5,831.0,581.0,863
F48400I,48,51.2,100,400.0,800*610*460,223.5,0.0,Toyota8FB25,800.0,610.0,460.0,663
F24130B,24,25.6,65,130.0,651*150*570,120.0,0.0,,651.0,150.0,570.0,36
F24420T,24,25.6,105,420.0,792.5*330*565,254.0,0.0,HYSTER LO100T,792.5,330.0,565.0,268
F24210X,24,25.6,105,210.0,624*212*627,197.0,118.0,,624.0,212.0,627.0,131
F90460C-A,90,89.6,230,460.0,1026*852*627,1458.0,960.0,Linde E25-387 ,1026.0,852.0,627.0,1370
F48560Z-A,48,51.2,280,560.0,900*810*470,850.0,527.0,,900.0,810.0,470.0,979
F48304M,48,51.2,304,304.0,900*350*510,270.0,0.0,,900.0,350.0,510.0,615
F48690CB,48,51.2,230,690.0,1109*520*749,1406.0,0.0,HYSTER V30ZMU,1109.0,520.0,749.0,1064
F80560V,80,80.0,280,560.0,1009*984*749,2182.0,1717.0,Hyster J120XN,1009.0,984.0,749.0,1282
F48560DJ,48,51.2,280,560.0,830*630*627,856.0,543.0,Linde 386 E16,830.0,630.0,627.0,934
F48460AJ-A,48,51.2,230,460.0,970*605*620,952.0,672.0,,970.0,605.0,620.0,739
F48628F,48,51.2,314,628.0,970*825*581,1340.0,0.0,,970.0,825.0,581.0,1014
F36560AV,36,38.4,280,560.0,970*628*571.5,998.0,720.0,Hyster J40XNT,970.0,628.0,571.5,382
F24560K,24,25.6,280,560.0,779*325*749,524.0,358.0,Yale MTR005F,779.0,325.0,749.0,309
F36690AK,36,38.4,230,690.0,962*415*776,1543.0,420.0,Yale OSO30BF,962.0,415.0,776.0,439
F24560P,24,25.6,280,560.0,830*327*627,445.0,253.0,Linde E12-386 ,830.0,327.0,627.0,314
F48560BR,48,51.2,280,560.0,900*425*570,350.0,0.0,S48560F,900.0,425.0,570.0,888
F48420APR-C,48,51.2,105,420.0,830*735*627,1032.0,0.0,,830.0,735.0,627.0,675
F36628C,36,38.4,314,628.0,960*455*775,1060.0,0.0,Yale ESC040AD,960.0,455.0,775.0,421
F48460CT,48,51.2,230,460.0,825*625*565,813.0,438.0,Yale ERP18UXT,825.0,625.0,565.0,792
F80280J,80,80.0,280,280.0,965*375*555,275.0,0.0,,965.0,375.0,555.0,1173
F72460C,72,76.8,230,460.0,810*785*507,440.0,0.0,,810.0,785.0,507.0,1139
F48460AE-A,48,51.2,230,460.0,1035*300*700,260.0,0.0,,1035.0,300.0,700.0,732
F24314P,24,25.6,314,314.0,774*332*762,459.0,0.0,Yale MO60/ MPR080VG,774.0,332.0,762.0,221
F72460G,72,76.8,230,460.0,1130*1030*430,1145.0,0.0,FE30,1130.0,1030.0,430.0,1144
F48420BR,48,51.2,105,420.0,980*785*525,1100.0,877.6,Clark LFP25,980.0,785.0,525.0,695
F48560AS-A,48,51.2,280,560.0,830*630*627,813.0,0.0,J2.0XN,830.0,630.0,627.0,868
F48560DW,48,51.2,280,560.0,822*667*772,1338.0,940.0,Combilift Aislemaster（26V00212-05-A）,822.0,667.0,772.0,946
F24160K,24,25.6,160,160.0,643*196*570,200.0,134.0,P218(lwe 180),643.0,196.0,570.0,64
F48560DG,48,51.2,280,560.0,818*500*790,930.0,0.0,,818.0,500.0,790.0,931
F48560B-A,48,51.2,280,560.0,1005*863*596,1500.0,1150.0,,1005.0,863.0,596.0,876
F24300C,24,25.6,100,300.0,657*245*675,150.0,153.0,YALE FB25ZR,657.0,245.0,675.0,200
F48560DD,48,51.2,280,560.0,970*680*570,1200.0,850.0,BENDI B3/30AC,970.0,680.0,570.0,928
F48690AS,48,51.2,230,690.0,978*545*635,850.0,360.0,16B-9,978.0,545.0,635.0,1031
F36840Q,36,38.4,280,840.0,970*763.5*574,1281.0,905.0,Linde E25C,970.0,763.5,574.0,552
F48460DJ,48,51.2,230,460.0,1223*427*784,1063.0,643.0,CLARK SRX16,1223.0,427.0,784.0,805
F48230M,48,51.2,230,230.0,700*485*465,300.0,0.0,toyotaCBT4,700.0,485.0,465.0,586
F24200K,24,25.6,100,200.0,690*185*580,299.0,0.0,Big Joe   J1–162,690.0,185.0,580.0,82
F80560E,80,80.0,280,560.0,1025*852*784,1863.0,1377.0,Jungheinrich EFG430,1025.0,852.0,784.0,1267
F72608B,72,76.8,304,608.0,1026*708*780,1520.0,1039.0,住友项目,1026.0,708.0,780.0,1154
F48460DS,48,51.2,230,460.0,1223*355*784,950.0,645.0,Crown ESR5200,1223.0,355.0,784.0,812
F48230K,48,51.2,230,230.0,970*628*571,1000.0,875.0,,970.0,628.0,571.0,585
F80560G,80,80.0,280,560.0,1025*852*784,1875.0,1370.0,BAT.80V-775AH(5PZS 775)PB,1025.0,852.0,784.0,1268
F48560DC,48,51.2,280,560.0,970*831.5*571.5,1363.6,1013.0,Doosan BC-30S-7,970.0,831.5,571.5,927
F80690AJ,80,80.0,230,690.0,1020*710*792,1558.0,895.0,MITSUBISHI FB25ACN,1020.0,710.0,792.0,1313
F48560BH,48,51.2,280,560.0,965*863*558,1400.0,945.0,LINDE E32CL,965.0,863.0,558.0,883
F24315N,24,25.6,105,315.0,792*212*814,347.0,0.0,Hyster LO2.0,792.0,212.0,814.0,234
F48315AA,48,51.2,105,315.0,970*445*580,700.0,425.0,,970.0,445.0,580.0,635
F36460J,36,38.4,230,460.0,970*342*770,730.0,0.0,,970.0,342.0,770.0,360
F2480A,24,25.6,80,80.0,270*160*400,25.0,0.0,,270.0,160.0,400.0,341
F24100G-B,24,25.6,105,100.0,635*180*538,55.0,0.0,,635.0,180.0,538.0,4
F24560AD,24,25.6,280,560.0,772*317*767,454.0,0.0,TOYOTA 6BWR15,772.0,317.0,767.0,305
F80690E,80,80.0,230,690.0,1009*831*749,1928.0,1327.0,CAT 2EP500,1009.0,831.0,749.0,1322
F48690CC,48,51.2,230,690.0,1223*427*784,1119.0,751.0,Linde Reach Truck,1223.0,427.0,784.0,1065
F96840A,96,96.0,280,840.0,1215*975*785,2750.0,1756.0,Carer A80SC,1215.0,975.0,785.0,1392
F24314D,24,25.6,314,314.0,621*209*610,96.0,0.0,Hyster LO2.5P,621.0,209.0,610.0,211
F80560W,80,80.0,280,560.0,1040*865*805,1920.0,1454.0,CB30X-7,1040.0,865.0,805.0,1283
F24100T-A,24,25.6,50,100.0,212*624*627,180.0,122.0,,212.0,624.0,627.0,25
F48690AA,48,51.2,230,690.0,972*680*571,1137.0,819.0,Toyota 8FBCU20,972.0,680.0,571.0,1019
F48460BU,48,51.2,230,460.0,882.5*488*570,335.0,0.0,储能特种车,882.5,488.0,570.0,768
F48690AL,48,51.2,230,690.0,903*813*558,1140.0,715.0,Toyota 7FBH25,903.0,813.0,558.0,1024
F48400K,48,51.2,100,400.0,800*610*460,230.0,0.0,NICHIYU 70 series,800.0,610.0,460.0,665
F48560BQ,48,51.2,280,560.0,1028*503*780,920.0,560.0,ERP25UX,1028.0,503.0,780.0,887
F48460BD,48,51.2,230,460.0,990*545*609,700.0,0.0,Toyota 8FBE18,990.0,545.0,609.0,753
F24320M,24,25.6,160,320.0,620*280*623,320.0,213.0,Crown WT 3000/Et 4000 4m/Et 4000 5m,620.0,280.0,623.0,248
F24100S,24,25.6,100,100.0,624*212*627,212.0,157.0,Linde T16,624.0,212.0,627.0,23
F24690C,24,25.6,230,690.0,910*320*810,844.0,619.0,Doosan BOP15S-9,910.0,320.0,810.0,332
F48210B-C,48,51.2,105,210.0,950*370*550,480.0,350.0,TOYOTA  7FBR15,950.0,370.0,550.0,568
F24150I,24,25.6,50,150.0,635*180*539.5,70.0,0.0,,635.0,180.0,539.5,48
F24210APR-B,24,25.6,105,210.0,790*212*633,285.0,225.0,ESI4000,790.0,212.0,633.0,103
F24840E,24,25.6,280,840.0,920*360*785,690.0,438.0,"SP 3520 131/312"" 3000 LBS",920.0,360.0,785.0,346
F24150R,24,25.6,150,150.0,585*210*643,204.0,141.0,Stöcklin,585.0,210.0,643.0,56
F90920A,90,89.6,230,920.0,1284*1034*784,2785.0,1910.0,Linde E80-1279,1284.0,1034.0,784.0,1382
F24314B,24,25.6,314,314.0,786*210*630,230.0,0.0,LINDE T20AP,786.0,210.0,630.0,208
F24210AX,24,25.6,105,210.0,620*195*568,90.0,0.0,BT LPE200/8,620.0,195.0,568.0,115
F48560ED,48,51.2,280,560.0,1223*427*784,1119.0,769.0,STILL FM-X17,1223.0,427.0,784.0,952
F48690CN,48,51.2,230,690.0,905*815*479,850.0,491.0,Toyota 8FB25,905.0,815.0,479.0,1075
F24160V,24,25.6,160,160.0,619*207*622,187.0,0.0,,619.0,207.0,622.0,71
F48420CC,48,51.2,105,420.0,1223*356*784,939.0,639.0,STILL FM-X17,1223.0,356.0,784.0,702
F80460AS,80,80.0,230,460.0,1026*850*627,1390.0,825.0,Linde E25S 1276,1026.0,850.0,627.0,1230
F24150B-A,24,25.6,150,150.0,638*146*555,60.0,0.0,,638.0,146.0,555.0,46
F80560AJ,80,80.0,280,560.0,1028*711*784,1550.0,0.0,EKX516K  ,1028.0,711.0,784.0,1263
F36690DJ,36,38.4,230,690.0,970*679*574,1181.0,900.0,YALE ERC050VG,970.0,679.0,574.0,515
F48460BW,48,51.2,230,460.0,835*634*784,1118.0,835.0,Linde 386,835.0,634.0,784.0,770
F961120B,96,96.0,280,1120.0,1215*715*775,4060.0,2710.0,CALIZIA GF420 Pick&Carry Crane,1215.0,715.0,775.0,1385
F48420APR-D,48,51.2,105,420.0,830*630*627,855.0,530.0,SCT6240 ,830.0,630.0,627.0,676
F36840M,36,38.4,280,840.0,970*740*571,1179.0,900.0,Toyota 8FBCU25,970.0,740.0,571.0,549
F48280M,48,51.2,280,280.0,960*375*565,465.0,279.0,住友项目8858414,960.0,375.0,565.0,601
F36690BH,36,38.4,230,690.0,975*450*787,1080.0,700.0,15/18BCS-9,975.0,450.0,787.0,462
F80608C,80,80.0,304,608.0,1016*984*774,2109.0,1590.0,,1016.0,984.0,774.0,1288
F80420V,80,83.2,105,420.0,1016*679*774.5,1224.5,660.0,"Tow Tractor
CHARLATTE T137-V3",1016.0,679.0,774.5,1211
F48560AS,48,51.2,280,560.0,830*630*627,813.0,497.0,J2.0XN,830.0,630.0,627.0,867
F24150Z,24,25.6,50,150.0,663*224*532,79.0,0.0,Clark WPX45,663.0,224.0,532.0,61
F24210AB,24,25.6,105,210.0,800*270*655,175.0,75.0,Yale MSW040SE,800.0,270.0,655.0,89
F48314M,48,51.2,314,314.0,1223*283*784,760.0,0.0,R1.4,1223.0,283.0,784.0,623
F24280N,24,25.6,280,280.0,654*248*540,210.0,140.0,15ES,654.0,248.0,540.0,191
F24460AF,24,25.6,230,460.0,335*790*803,458.0,298.0,Crown PE,335.0,790.0,803.0,274
F36460F,36,38.4,230,460.0,782*485*452,300.0,0.0,Sweeper/Scrubber CS7010,782.0,485.0,452.0,357
F36690J-A,36,38.4,230,690.0,974*514*774,1180.0,790.0, Linde E20S,974.0,514.0,774.0,517
F48460AK,48,51.2,230,460.0,1030*529*627,856.0,586.0,Still RX20-16P,1030.0,529.0,627.0,740
F48690Y,48,51.2,230,690.0,830*630*780,1050.0,0.0,,830.0,630.0,780.0,1107
F24280AG,24,25.6,280,280.0,790*310*630,300.0,213.0,HGLLI24280EV,790.0,310.0,630.0,177
F24210APR-E,24,25.6,105,210.0,624*212*627,180.0,103.0,,624.0,212.0,627.0,106
F48560ET,48,51.2,280,560.0,1030*529*627,905.0,555.0,ERP25UX,1030.0,529.0,627.0,967
F80460H-A,80,80.0,230,460.0,1026*852*627,1552.0,987.0,,1026.0,852.0,627.0,1240
F24304D-A,24,25.6,304,304.0,657*243*675,180.0,85.0,,657.0,243.0,675.0,201
F80460AL,80,83.2,230,460.0,1028*995*785,1450.0,959.0,Toyota 7FB45,1028.0,995.0,785.0,1224
F24150N,24,25.6,50,150.0,635*220*538.5,77.0,0.0,Raymond 8210,635.0,220.0,538.5,53
F36840BA,36,38.4,280,840.0,970*510*775,1100.0,750.0,Crown RR5725-45/RMD6000.,970.0,510.0,775.0,521
F48560BB,48,51.2,280,560.0,1223*355*784,892.0,657.0,Hyster R1.6 Med,1223.0,355.0,784.0,879
F48560CK,48,51.2,280,560.0,830*630*628,813.0,503.0,J2.0XN MWB,830.0,630.0,628.0,908
F48460BL,48,51.2,230,460.0,972*680*571,1136.0,856.0,Toyota 8FBCU20,972.0,680.0,571.0,759
F48400M,48,51.2,100,400.0,970*730*470,263.0,0.0,FB25-72,970.0,730.0,470.0,667
F24280AH,24,25.6,280,280.0,790*310*630,300.0,213.0,HGLLI24280EV,790.0,310.0,630.0,178
F24210Y,24,25.6,105,210.0,790*210*575,250.0,170.0,,790.0,210.0,575.0,132
F48460BA,48,51.2,160,480.0,960*609*571.5,400.0,265.0,YALE FB25ZR,960.0,609.0,571.5,750
F24200E,24,25.6,100,200.0,624*212*627,200.0,107.0,Linde T20,624.0,212.0,627.0,77
F72400A,72,73.6,100,400.0,705*1025*780,1180.0,766.0, Hyster  J3.0GX,705.0,1025.0,780.0,1134
F24210APR-A,24,25.6,105,210.0,624*212*627,180.0,103.0,WP3220,624.0,212.0,627.0,102
F36840W,36,38.4,280,840.0,980*518*780,1287.0,0.0,CROWN RD,980.0,518.0,780.0,557
F48400A,48,51.2,100,400.0,814*524*620,625.0,368.0,待定,814.0,524.0,620.0,655
F36690BT,36,38.4,230,690.0,970*571.5*749,1454.5,1160.0, Toyota SR1-HPT50,970.0,571.5,749.0,475
F24230AM,24,25.6,230,230.0,650*195*640,180.0,103.0, Toyota BT LPE200,650.0,195.0,640.0,147
F24320F,24,25.6,160,320.0,780*325*571,375.0,0.0,,780.0,325.0,571.0,241
F24460AP,24,25.6,230,460.0,896*309*571.5,465.0,0.0,HIELL,896.0,309.0,571.5,282
F36690AN,36,38.4,230,690.0,970*396*749,975.0,693.0,,970.0,396.0,749.0,443
F48400B,48,51.2,100,400.0,980*465*780,655.0,0.0,Hyster J2.0GX,980.0,465.0,780.0,656
F24630A,24,25.6,105,630.0,780*320*670,360.0,168.0,"Crown PC-3540-8
0",780.0,320.0,670.0,330
F24210AH,24,25.6,105,210.0,780*325*570,362.0,280.0,,780.0,325.0,570.0,94
F48420Q-A,48,51.2,105,420.0,978*630*635,1030.0,720.0,,978.0,630.0,635.0,724
F48560EU,48,51.2,280,560.0,1025*523*774,1202.0,852.0,,1025.0,523.0,774.0,968
F24210AM,24,25.6,105,210.0,762*219*590,88.0,0.0,Yale MSW040SE,762.0,219.0,590.0,99
F36690AA,36,38.4,230,690.0,1005*765*520,1405.0,1115.0,Doosan BC25S-7,1005.0,765.0,520.0,431
F48560DP,48,51.2,280,560.0,970*755*571.5,1225.0,875.0,MIT FBC25N,970.0,755.0,571.5,939
F80560AC,80,80.0,280,560.0,1025*996*784,2000.0,1531.0,HYUNDAI叉车50B,1025.0,996.0,784.0,1257
F48460CD,48,51.2,230,460.0,830*630*627,868.0,585.0,:CESABB316,830.0,630.0,627.0,778
F80560P,80,80.0,280,560.0,1052*727*627,990.0,456.0,,1052.0,727.0,627.0,1277
F24460AI,24,25.6,230,460.0,790*325*800,450.0,0.0,Toyota 6BWR15,790.0,325.0,800.0,277
F80315D,80,80.0,105,315.0,1130*600*620,480.0,0.0,,1130.0,600.0,620.0,1187
F72460I,72,76.8,230,460.0,1025*705*780,1180.0,0.0,,1025.0,705.0,780.0,1146
F36560AI,36,38.4,280,560.0,960*345*786,581.0,280.0,Clark ESX12,960.0,345.0,786.0,370
F24420K,24,25.6,105,420.0,786*210*630,220.0,90.0,Linde T20,786.0,210.0,630.0,261
F80280D,80,80.0,280,280.0,1025*682*397,260.0,0.0,,1025.0,682.0,397.0,1169
F48560V-A,48,51.2,280,560.0,1223*427*784,1150.0,805.0,Paletrans rp20,1223.0,427.0,784.0,977
F24460AL,24,25.6,230,460.0,780*325*600,445.0,0.0,"Crown PE4000 (13,12)",780.0,325.0,600.0,280
F24210AV,24,25.6,105,210.0,790*210*460,203.0,130.0,,790.0,210.0,460.0,112
F72280C,72,73.6,280,280.0,530*560*600,305.0,90.0,,530.0,560.0,600.0,1133
F48400N,48,51.2,100,400.0,830*730*627,964.0,688.0,8FBE18T,830.0,730.0,627.0,668
F24320F,24,25.6,160,320.0,780*326*571,375.0,0.0,Hyster B60,780.0,326.0,571.0,241
F48690AQ,48,51.2,230,690.0,978*919*527,1415.0,1021.0,FC5745-55,978.0,919.0,527.0,1029
F48628H,48,51.2,314,628.0,1212*419*784,1060.0,0.0,Cesab R316,1212.0,419.0,784.0,1016
F24160U,24,25.6,160,160.0,585*210*643,204.0,0.0,,585.0,210.0,643.0,70
F24210AD,24,25.6,105,210.0,624*284*627,315.0,215.0,LINDE D21-TYPE133,624.0,284.0,627.0,91
F48460BB,48,51.2,230,460.0,990*545*627,810.0,707.0,Toyota 8FBN25,990.0,545.0,627.0,751
F24100Y,24,25.6,100,100.0,650*146*600,130.0,80.0,,650.0,146.0,600.0,31
F961120F,96,96.0,280,1120.0,1515*570*1070,1700.0,0.0,,1515.0,570.0,1070.0,1388
F36690AQ,36,38.4,230,690.0,975*355*787,726.0,442.0,Toyota RF1-BH1X40,975.0,355.0,787.0,445
F36690AM,36,38.4,230,690.0,975*450*787,1080.0,722.6,15BCS-9,975.0,450.0,787.0,442
F48690BD-A,48,51.2,230,690.0,970*832*571.5,1451.0,1072.0,,970.0,832.0,571.5,1042
F90280A,90,89.6,280,280.0,930*610*408,243.0,0.0,,930.0,610.0,408.0,1369
F48690P,48,51.2,230,690.0,980*673*596,1180.0,830.0,,980.0,673.0,596.0,1094
F350304A,350,345.6,304,304.0,1320*970*525,1150.0,0.0,,1320.0,970.0,525.0,347
F24200B,24,25.6,100,200.0,810*257*575,200.0,107.0,,810.0,257.0,575.0,74
F24200J,24,25.6,100,200.0,727*200*690,280.0,180.0,PBV20N3,727.0,200.0,690.0,81
F48460AI,48,51.2,230,460.0,1210*350*780,940.0,661.0,,1210.0,350.0,780.0,737
F24200G,24,25.6,100,200.0,787*216*660,159.0,78.0,Big Joe PDS30-157,787.0,216.0,660.0,79
F36690AZ,36,38.4,230,690.0,970*830*580,1428.0,1141.0,Clark SE20T,970.0,830.0,580.0,454
F48420BX,48,51.2,105,420.0,978*630*635,1030.0,720.0,,978.0,630.0,635.0,698
F48560CF,48,51.2,280,560.0,830*522*627,676.0,377.0,Hyster J1.5XNT,830.0,522.0,627.0,903
F48628B,48,51.2,314,628.0,1223*499*784,1290.0,0.0,"Crown ESR 1240""4""",1223.0,499.0,784.0,1010
F36690AC,36,38.4,230,690.0,965*500*775,1316.0,1040.0,Doosan B20SU-9,965.0,500.0,775.0,433
F48315AB,48,51.2,105,315.0,815*740*475,680.0,460.0,Toyota 7FB15,815.0,740.0,475.0,636
F48460DE,48,51.2,230,460.0,800*425*570,266.0,0.0,,800.0,425.0,570.0,802
F48840G,48,51.2,280,840.0,970*831*571.5,1428.8,912.0,TOYOTA 8FBCU30,970.0,831.0,571.5,1114
F36560BK,36,38.4,280,560.0,510*970*775,840.0,560.0,"SC 4520 89/208"" 3500 LBS B17",510.0,970.0,775.0,393
F80460AP,80,80.0,230,460.0,820*625*560,400.0,0.0,,820.0,625.0,560.0,1227
F90628B,90,89.6,314,628.0,1028*708*632,2178.0,1548.0,Linde E50/600HL,1028.0,708.0,632.0,1377
F48560BD,48,51.2,280,560.0,1020*570*780,940.0,585.0,,1020.0,570.0,780.0,880
F24210AP,24,25.6,105,210.0,579.8*279*574.8,200.0,120.0,,579.8,279.0,574.8,101
F48280AL,48,51.2,280,280.0,830*410*630,532.0,0.0,,830.0,410.0,630.0,593
F48560DB,48,51.2,280,560.0,1016*520*723,1157.0,807.0,Shytger 25t,1016.0,520.0,723.0,926
F48560DA,48,51.2,280,560.0,1220*420*784,1110.0,0.0, Linde R20,1220.0,420.0,784.0,925
F48690BF,48,51.2,230,690.0,986*1138*585,1167.0,807.0,Toyota 7FBCU45,986.0,1138.0,585.0,1045
F24150AC,24,25.6,150,150.0,650*200*570,190.0,0.0,,650.0,200.0,570.0,43
F24460AG,24,25.6,230,460.0,850*426*520,408.0,0.0,Toyota 8FBES10T,850.0,426.0,520.0,275
F48560BZ,48,51.2,280,560.0,970*755*571,1224.0,924.8,E65-80XN,970.0,755.0,571.0,897
F24420P,24,25.6,105,420.0,727*344*677,350.0,195.0,Caterpillar NPV25N,727.0,344.0,677.0,264
F24314M-J,24,25.6,314,314.0,788*210*630,100.0,0.0,,788.0,210.0,630.0,219
F24230AG,24,25.6,230,230.0,225*640*615,240.0,0.0,Crown WP3045-45,225.0,640.0,615.0,141
F80690AA,80,80.0,230,690.0,1016*984*774,2109.0,0.0,Linde E45P/E40P,1016.0,984.0,774.0,1304
F36560M,36,38.4,280,560.0,967*388*774,960.0,665.0,"Hyster E30HSD3(16"")",967.0,388.0,774.0,396
F24210AW,24,25.6,105,210.0,624*212*627,212.0,140.0,Still EXV14c,624.0,212.0,627.0,113
F48690BT,48,51.2,230,690.0,1220*504*784,1063.0,618.0,MaxX45,1220.0,504.0,784.0,1059
F24320G,24,25.6,160,320.0,790*210*810,300.0,194.0,Stocklin EFP 20000,790.0,210.0,810.0,242
F80840T,80,80.0,280,840.0,1009*984*749,2132.0,0.0,Hyster J90XN&120XN,1009.0,984.0,749.0,1357
F24100G-D,24,25.6,100,100.0,635*146*538,136.0,80.0,,635.0,146.0,538.0,7
F36690AR,36,38.4,230,690.0,889*673*571,907.0,622.4,Hyster E30XN  ,889.0,673.0,571.0,446
F48420CN,48,51.2,105,420.0,970*520*580,810.0,570.0,,970.0,520.0,580.0,713
F24320L,24,25.6,160,320.0,790*210*810,370.0,266.0,Yale MP20T,790.0,210.0,810.0,247
F48280AE,48,51.2,280,280.0,991*375*570,480.0,0.0,Hyundai 18BR-9,991.0,375.0,570.0,588
F36560AH,36,38.4,280,560.0,970*450*780,990.0,730.0,,970.0,450.0,780.0,369
F48460FS,48,51.2,230,460.0,1220*352*782,892.0,0.0,三菱 FB16N3H,1220.0,352.0,782.0,852
F48840T,48,51.2,280,840.0,970*908*571.5,1452.0,935.0,YALE ERC065VG,970.0,908.0,571.5,1125
F36840BM,36,38.4,280,840.0,970*619*576,1022.0,0.0,Yale ERP040VF,970.0,619.0,576.0,533
F48460AM,48,51.2,230,460.0,810*540*460,215.0,0.0,,810.0,540.0,460.0,742
F36690BC-A,36,38.4,230,690.0,970*518*749,1227.0,884.0,,970.0,518.0,749.0,457
F48420PA,48,51.2,105,420.0,1030*796*533,1150.0,950.0,现代25B-9U,1030.0,796.0,533.0,723
F80608J,80,80.0,304,608.0,1028*711*784,1558.0,1122.0,CAT EP25ACN,1028.0,711.0,784.0,1296
F24230AF,24,25.6,230,230.0,202*780*623,260.0,0.0,Crown ETi4000-1.4,202.0,780.0,623.0,140
F36690CN,36,38.4,230,690.0,638*986*579,1060.0,742.0, Crown SC5200,638.0,986.0,579.0,497
F48690AV,48,51.2,230,690.0,984*536*744,1150.0,780.0,30/32/35B-X,984.0,536.0,744.0,1034
F48460AH,48,51.2,230,460.0,1210*417*780,1250.0,971.0,,1210.0,417.0,780.0,735
F80628C,80,80.0,314,608.0,1025*852*784,1770.0,1284.0,,1025.0,852.0,784.0,1299
F48460AB,48,51.2,230,460.0,900*810*475,860.0,530.0,Toyota7FB25,900.0,810.0,475.0,727
F36840T,36,38.4,280,840.0,980*510*780,1282.0,840.0,"Truck Model: N35ZDR (21.5"" Box)",980.0,510.0,780.0,555
F24280AB,24,25.6,280,280.0,790*212*633,291.0,200.0,CROWN ETi4000,790.0,212.0,633.0,172
F80840S-A,80,80.0,280,840.0,1009*983*749,2131.0,0.0,,1009.0,983.0,749.0,1356
F48420CF,48,51.2,105,420.0,985*535*610,440.0,0.0,TOYOTA 8FBE18,985.0,535.0,610.0,705
F48460EW,48,51.2,230,460.0,970*628*571,1068.0,0.0,Hyster J40,970.0,628.0,571.0,836
F48840Z,48,51.2,280,840.0,1135*978*574,1590.0,0.0,Hyster E80XN,1135.0,978.0,574.0,1130
F48460CC,48,51.2,230,460.0,830*630*627,813.0,534.0,Hyster J1.6XN MWB,830.0,630.0,627.0,777
F48690BD,48,51.2,230,690.0,970*832*571.5,1451.0,1072.0,,970.0,832.0,571.5,1041
F961120E,96,96.0,280,1120.0,1100*890*795,1182.0,150.0,MLE,1100.0,890.0,795.0,1387
F24100G-B-J,24,25.6,105,100.0,635*180*538,55.0,0.0,,635.0,180.0,538.0,5
F48608L,48,51.2,304,608.0,830*630*627,856.0,505.0,E16P BR 386,830.0,630.0,627.0,997
F48400H,48,51.2,100,400.0,1220*346*770,510.0,0.0,NEOS II 3F ac-2021,1220.0,346.0,770.0,662
F48690R,48,51.2,230,690.0,880*760*470,360.0,0.0,,880.0,760.0,470.0,1096
F36460D,36,38.4,230,460.0,970*340*749,771.0,516.0,Clark OSX15,970.0,340.0,749.0,356
F48560CT,48,51.2,280,560.0,720*670*570,390.0,0.0,,720.0,670.0,570.0,918
F24560AE,24,25.6,280,560.0,820*325*571,372.0,208.0, Hyster W40ZA,820.0,325.0,571.0,306
F48560EN,48,51.2,280,560.0,1200*425*780,1100.0,0.0,HGLLI48560EV,1200.0,425.0,780.0,963
F80690S,80,80.0,230,690.0,1009*984*741,2177.0,1550.0,HYSTER J100XN,1009.0,984.0,741.0,1333
F80920A,80,80.0,230,920.0,1028*855*784,2060.0,1317.0,CAT EP55NH,1028.0,855.0,784.0,1365
F24400B,24,25.6,100,400.0,620*210*640,135.0,31.0,ECE 225,620.0,210.0,640.0,250
F48690CY,48,51.2,230,690.0,815*526*730,950.0,0.0,Flux40,815.0,526.0,730.0,1083
F36560PA,36,38.4,280,560.0,970*403*780,750.0,580.0,Hyundai 18BRP-9,970.0,403.0,780.0,397
F48690AY-Y,48,51.2,230,690.0,980*773*596,1410.0,1080.0,30/32BC-9U,980.0,773.0,596.0,1039
F48460EF,48,51.2,230,460.0,1218*350*779,892.0,606.0,ESR 1040,1218.0,350.0,779.0,821
F24230AC,24,25.6,230,230.0,600*220*500,69.0,0.0,,600.0,220.0,500.0,138
F36840A,36,38.4,280,840.0,965*508*774,1248.0,830.0,Linde E20S,965.0,508.0,774.0,520
F48690CG,48,51.2,230,690.0,1223*427*784,1270.0,0.0,Linde Reach Truck,1223.0,427.0,784.0,1067
F48560BV,48,51.2,280,560.0,970*755*571.5,1225.0,875.0,Hyster E50XN,970.0,755.0,571.5,893
F48690BP,48,51.2,230,690.0,830*630*770,1118.0,693.0,,830.0,630.0,770.0,1055
F80690M,80,80.0,230,690.0,948*815*585,970.0,475.0,,948.0,815.0,585.0,1328
F36690AH,36,38.4,230,690.0,970*628*571.5,1020.0,740.0,Hyster J40XN,970.0,628.0,571.5,437
F36840L,36,38.4,280,840.0,971*533*762,1224.0,800.0,CROWN SP 6000,971.0,533.0,762.0,547
F48608P,48,51.2,304,608.0,1026*568*730,890.0,522.0,住友项目,1026.0,568.0,730.0,1000
F24314S,24,25.6,314,314.0,780*325*660,272.0,156.0,HYSTER B60ZAC2,780.0,325.0,660.0,223
F48560DH,48,51.2,280,560.0,830*630*627,813.0,503.0,Hyster J2.0XNT,830.0,630.0,627.0,932
F24314P-A,24,25.6,314,314.0,774*332*762,459.0,0.0,Yale MO60/ MPR080VG,774.0,332.0,762.0,222
F80420X,80,80.0,105,420.0,1026*708*627,1210.0,845.0,Linde E30,1026.0,708.0,627.0,1213
F80460AH,80,80.0,230,460.0,820*625*580,400.0,0.0,,820.0,625.0,580.0,1221
F24314A,24,25.6,314,314.0,790*210*810,315.0,0.0,,790.0,210.0,810.0,207
F24200D,24,25.6,100,200.0,614*274*610,288.0,227.0,Hyster P2.0S ,614.0,274.0,610.0,76
F24230AJ,24,25.6,230,230.0,666*198*597,145.0,90.0,Unicarriers    WLX45S,666.0,198.0,597.0,144
F48460DP,48,51.2,230,460.0,1223*355*784,892.0,587.0,YALE MR14,1223.0,355.0,784.0,809
F48400L,48,51.2,100,400.0,815*740*479,650.0,365.0,Toyota 8FB15,815.0,740.0,479.0,666
F48690H,48,51.2,230,690.0,830*738*627,1000.0,625.0,,830.0,738.0,627.0,1091
F80460T,80,80.0,230,460.0,1032*708*752,1610.0,265.0,YALE FB25ZR,1032.0,708.0,752.0,1249
F48460DH,48,51.2,230,460.0,1223*427*784,1064.0,644.0,ESR 1240 2.0 TILTING CARRIAGE,1223.0,427.0,784.0,804
F24210U,24,25.6,105,210.0,621*209*627,74.0,0.0,BAT.24V-240AH,621.0,209.0,627.0,128
F80460AW,80,80.0,230,460.0,1028*711*713,1550.0,0.0,CLARK,1028.0,711.0,713.0,1234
F36608T,36,38.4,304,608.0,969*407*782,917.0,700.0,CROWN RR/RD,969.0,407.0,782.0,415
F48560FA,48,51.2,280,560.0,1220*425*780,1100.0,0.0,Linde R16HD-01,1220.0,425.0,780.0,973
F36690CU,36,38.4,230,690.0,970*396*774,863.0,578.5,Yale NR045EC,970.0,396.0,774.0,503
F48690DD,48,51.2,230,690.0,975*683*571,1068.0,670.0,Yale ERC050VG,975.0,683.0,571.0,1088
F36690CR,36,38.4,230,690.0,970*396*775,884.5,600.0,Linde R17SX,970.0,396.0,775.0,500
F48560CU,48,51.2,280,560.0,1028*570*760,960.0,610.0,B20/25NS,1028.0,570.0,760.0,919
F24840C,24,25.6,280,840.0,970*352*820,720.0,460.0, CLARK Model- OSX15,970.0,352.0,820.0,344
F36560AK,36,38.4,280,560.0,878*670*585,885.0,625.0,Toyota 8FBC15U,878.0,670.0,585.0,372
F2460A,24,25.6,65,65.0,262*172*190,13.0,0.0,,262.0,172.0,190.0,327
F36460G,36,38.4,230,460.0,970*396*749,952.5,0.0,Jungheinrich ETR 335D,970.0,396.0,749.0,358
F80690P,80,80.0,230,690.0,1028*989*784,2069.0,1463.0,Toyota 8FB30,1028.0,989.0,784.0,1330
F36690BQ,36,38.4,230,690.0,985*541*612,726.0,0.0,Crown fc5715-50,985.0,541.0,612.0,471
F80420PA,80,83.2,105,420.0,1025*708*784,1470.0,1035.0,现代25BH-9,1025.0,708.0,784.0,1205
F24150V,24,25.6,150,150.0,624*212*627,212.0,155.0,,624.0,212.0,627.0,58
F48314X,48,51.2,314,314.0,797*508*622,700.0,493.0,Yale MTA 120UX ,797.0,508.0,622.0,632
F80460AR,80,80.0,230,460.0,1130*785*300,339.0,0.0,,1130.0,785.0,300.0,1229
F48560EI,48,51.2,280,560.0,800*710*440,350.0,0.0,KMS,800.0,710.0,440.0,957
F48690BR,48,51.2,230,690.0,970*832*571.5,1451.0,1072.0,Hyster E45-60XN,970.0,832.0,571.5,1057
F24230AW,24,25.6,230,230.0,670*195*625,120.0,128.0,PBP16N3,670.0,195.0,625.0,152
F36690AS,36,38.4,230,690.0,980*520*575,1050.0,766.0,CROWN SC5200 E,980.0,520.0,575.0,447
F24210BD,24,25.6,105,210.0,666*190*597,145.0,90.0,Unicarriers    WLX45S,666.0,190.0,597.0,120
F48560AS-J,48,51.2,280,560.0,830*630*627,813.0,497.0,J2.0XN,830.0,630.0,627.0,869
F36840K,36,38.4,280,840.0,985*525*768,1120.0,793.0,Raymond R40-C40TT,985.0,525.0,768.0,545
F48420AV,48,51.2,105,420.0,973*460*652,720.0,470.0,MARIOTTI MX16,973.0,460.0,652.0,678
F24200Q,24,25.6,100,200.0,814*228*652,340.0,0.0,Combilift CS850,814.0,228.0,652.0,87
F80840Y,80,83.2,280,840.0,1030*805*770,1835.0,0.0,TIGER TRACTOR,1030.0,805.0,770.0,1362
F24280AF,24,25.6,280,280.0,800*216*620,290.0,200.0,ICEM TP80,800.0,216.0,620.0,176
F48560BW,48,51.2,280,560.0,901.5*673*571,907.0,557.0,Hyster E3OXN,901.5,673.0,571.0,894
F48460CH,48,51.2,230,460.0,830*522*627,708.0,420.0,CLARK GTX16,830.0,522.0,627.0,782
F36608K,36,38.4,304,608.0,985*356*785,726.0,461.0,Yale NDR035EC,985.0,356.0,785.0,409
F24320H,24,25.6,160,320.0,624*284*627,284.0,0.0,,624.0,284.0,627.0,243
F24160S,24,25.6,160,160.0,621*209*625,212.0,149.0,CAT NPPN3,621.0,209.0,625.0,68
F48460DB,48,51.2,230,460.0,813*711*578,998.0,0.0,Jungheinrich EFG 220,813.0,711.0,578.0,799
F24210R,24,25.6,105,210.0,621*209*627,75.0,0.0,,621.0,209.0,627.0,126
F24460Y,24,25.6,230,460.0,656*293*657,250.0,0.0,"BT Optio 2.5
",656.0,293.0,657.0,300
F48560CM,48,51.2,280,560.0,900*420*570,360.0,0.0,6FBRE16,900.0,420.0,570.0,911
F24560W,24,25.6,280,560.0,772*317*647,453.5,0.0,Linde ECR,772.0,317.0,647.0,321
F90230A,90,96.0,230,230.0,1000*450*450,1458.0,215.0,,1000.0,450.0,450.0,1368
F48690BH,48,51.2,230,690.0,975*540*650,813.0,460.0,Komatsu FB18-12,975.0,540.0,650.0,1047
F36690CLA-A,36,38.4,230,690.0,991*769*590,1179.0,780.0,CLARK,991.0,769.0,590.0,494
F48608AA-A,48,51.2,304,608.0,987*530*640,675.0,525.0,Toyota 8FBH18,987.0,530.0,640.0,982
F48460EP,48,51.2,230,460.0,1030*529*627,856.0,586.0,Still RX20-16P,1030.0,529.0,627.0,829
F36460L,36,38.4,230,460.0,800*350*600,568.0,0.0,,800.0,350.0,600.0,362
F36690CI,36,38.4,230,690.0,963.7*397*774.7,931.0,0.0,NDR030DC (16.5 Box),963.7,397.0,774.7,490
F80690AI,80,80.0,230,690.0,1014*989*774,2177.0,0.0,Hyster J120XN,1014.0,989.0,774.0,1312
F24690E,24,25.6,230,690.0,901.5*355.5*831.5,725.0,511.0,Toyota 6BPU15,901.5,355.5,831.5,334
F36608W,36,38.4,304,608.0,970*444*775,1089.0,795.0,Crown RMD6025(18''),970.0,444.0,775.0,418
F24230Z,24,25.6,230,230.0,605*196*450,55.0,0.0,QDCL-24-200-1,605.0,196.0,450.0,170
F24100T-B,24,25.6,50,100.0,284*624*627,284.0,226.0,,284.0,624.0,627.0,26
F36690DD,36,38.4,230,690.0,968*460*695,1043.0,742.0,Toyota SR1-HPT40,968.0,460.0,695.0,512
F24280M,24,25.6,280,280.0,727*200*690,250.0,150.0,Mitsubishi  pbv20n3 small chasdis,727.0,200.0,690.0,190
F48560DF,48,51.2,280,560.0,990*980*530,1282.0,936.0,Crown,990.0,980.0,530.0,930
F80560R,80,80.0,280,560.0,1009.6*831.8*749,2136.36,1671.0,Hyster J60XN,1009.6,831.8,749.0,1279
F80560Q,80,80.0,280,560.0,1009.5*749*831.5,1954.0,1485.0,BAT.80V-775AH(5PZS 775)PB,1009.5,749.0,831.5,1278
F24230AS,24,25.6,230,230.0,660*210*680,239.0,162.0,MP20X,660.0,210.0,680.0,149
F801120E,80,80.0,280,1120.0,1495*1190*720,3700.0,2650.0,Kalmar ECG90-6L ,1495.0,1190.0,720.0,1160
F48315W,48,51.2,105,315.0,978*545*635,820.0,570.0,169B-9,978.0,545.0,635.0,648
F24230AA-A,24,25.6,230,230.0,786*310*630,300.0,218.0,Linde V08,786.0,310.0,630.0,136
F36690DH,36,38.4,230,690.0,970*630*575,1020.0,740.0,Crown SC5245-40,970.0,630.0,575.0,514
F80420R,80,83.2,105,420.0,900*630*570,456.0,0.0,,900.0,630.0,570.0,1208
F48560EJ,48,51.2,280,560.0,970*830*620,1150.0,0.0,,970.0,830.0,620.0,959
F36690CD,36,38.4,230,690.0,985*536*645,750.0,390.5,CLARK SE15T,985.0,536.0,645.0,486
F24160W,24,25.6,160,160.0,621*209*625,212.0,0.0,,621.0,209.0,625.0,72
F80314D,80,80.0,314,314.0,1028*861*784,855.0,0.0,Hyster J3.0XN,1028.0,861.0,784.0,1179
F48230E,48,51.2,230,230.0,950*370*560,530.0,375.0,,950.0,370.0,560.0,579
F48460AS,48,51.2,230,460.0,788*540*386,215.0,0.0,,788.0,540.0,386.0,746
F48320F,48,51.2,160,320.0,630*830*627,850.0,561.0,FB18N2T,630.0,830.0,627.0,654
F48460EZ,48,51.2,230,460.0,1010*420*510,405.0,0.0,,1010.0,420.0,510.0,839
F24420H,24,25.6,105,420.0,778*323*584,460.0,234.0,,778.0,323.0,584.0,260
F48460AC,48,51.2,230,460.0,800*425*570,350.0,0.0,S48560F,800.0,425.0,570.0,728
F24314C,24,25.6,314,314.0,624*284*627,300.0,0.0,Crown WT3040,624.0,284.0,627.0,209
F24230X,24,25.6,230,230.0,780*325*570,268.0,201.0,,780.0,325.0,570.0,168
F24210S,24,25.6,105,210.0,750*170*570,220.0,142.0,Hyundai 20EDPR,750.0,170.0,570.0,127
F48690AZ,48,51.2,230,690.0,970*832*572,1479.0,1030.0,HYSTER E50XN-33,970.0,832.0,572.0,1040
F48608T,48,51.2,304,608.0,983*861*585,1400.0,1019.0,Toyota 8FBCU32,983.0,861.0,585.0,1003
F72460K,72,76.8,230,460.0,969*840*477,900.0,0.0,Komatsu FE25,969.0,840.0,477.0,1148
F24280F-A,24,25.6,280,280.0,624*284*627,288.0,199.0,Crown DT3040,624.0,284.0,627.0,182
F24130D,24,25.6,65,130.0,660*146*650,146.0,0.0,,660.0,146.0,650.0,38
F48420CD,48,51.2,105,420.0,1040*375*565,585.0,0.0,,1040.0,375.0,565.0,703
F24210APR-D,24,25.6,105,210.0,644*281*627,292.0,212.0,,644.0,281.0,627.0,105
F24130A,24,25.6,65,130.0,650*150*560,59.0,0.0,,650.0,150.0,560.0,35
F4840A,48,51.2,40,40.0,270*160*400,25.0,0.0,YES,270.0,160.0,400.0,669
F48560BE,48,51.2,280,560.0,1035*543*787,969.0,624.0,Crown TSP6500-1.0,1035.0,543.0,787.0,881
F80400E,80,80.0,100,400.0,722*440*770,330.0,0.0,Clark S20EL,722.0,440.0,770.0,1191
F80840R,80,80.0,280,840.0,1009*984*749,2132.0,1404.0,E50HL | 388-1254,1009.0,984.0,749.0,1354
F36690BW,36,38.4,230,690.0,970*450*780,1060.0,665.0,RD 270,970.0,450.0,780.0,478
F36690BK,36,38.4,230,690.0,983*527*787,1230.0,0.0,RD5795S-32,983.0,527.0,787.0,465
F24100R,24,25.6,100,100.0,624*212*627,230.0,175.0,Linde,624.0,212.0,627.0,22
F48560BX,48,51.2,280,560.0,1035*533*784,1180.0,830.0,STILL RX20-20 ,1035.0,533.0,784.0,895
F48560CZ,48,51.2,280,560.0,980*610*580,1089.0,764.0,hyster  J40,980.0,610.0,580.0,924
F24160Q,24,25.6,160,160.0,621*209*627,204.0,143.0,,621.0,209.0,627.0,66
F48560BA-A,48,51.2,280,560.0,1028*503*780,920.0,590.0,HYSTER J2.5UT,1028.0,503.0,780.0,878
F80400C,80,80.0,100,400.0,1030*580*620,440.0,0.0,M800,1030.0,580.0,620.0,1189
F36560Y,36,38.4,280,560.0,970*679.5*571.5,1088.0,880.0,Yale ERC50VGN,970.0,679.5,571.5,402
F36690CS,36,38.4,230,690.0,991*640*700,1200.0,912.0,Doosan B20T,991.0,640.0,700.0,501
F48460FJ,48,51.2,230,460.0,800*590*470,238.0,0.0,FB25-72,800.0,590.0,470.0,847
F80460J,80,83.2,230,460.0,1023*708*760,1500.0,1005.0,Still RX 60-25,1023.0,708.0,760.0,1241
F36560AN,36,38.4,280,560.0,970*404*775,885.0,621.0,Crown RD5220-30,970.0,404.0,775.0,375
F48460AD,48,51.2,230,460.0,1210*355*784,974.0,691.0,Crown ESR-1240-1.4,1210.0,355.0,784.0,730
F48420CA,48,51.2,105,420.0,970*630*572,1181.0,795.0,,970.0,630.0,572.0,700
F80460AX,80,80.0,230,460.0,820*625*580,400.0,0.0,8FBN30,820.0,625.0,580.0,1235
F36690AW,36,38.4,230,690.0,983*524*787,1230.0,906.0,RD300,983.0,524.0,787.0,451
F24400H,24,25.6,100,400.0,771*314*762,363.0,0.0,Yale MO70T,771.0,314.0,762.0,256
F24160R,24,25.6,160,160.0,810*210*450,200.0,137.0,,810.0,210.0,450.0,67
F24314W,24,25.6,314,314.0,727*280*692,285.0,0.0,SBV16N3,727.0,280.0,692.0,227
F36690AL-B,36,38.4,230,690.0,975*406*787,771.0,476.0,hyundail 8brp,975.0,406.0,787.0,441
F36560AY,36,38.4,280,560.0,970*520*571.5,900.0,405.5,TOYOTA 7FBEU18,970.0,520.0,571.5,384
F48628G,48,51.2,314,628.0,1212*419*784,1060.0,0.0,Cesab R316,1212.0,419.0,784.0,1015
F24280AA,24,25.6,280,280.0,621*283*627,171.0,75.0,Linde T20SF   ,621.0,283.0,627.0,171
F24100L,24,25.6,50,100.0,660*145*590,155.0,75.0,TCM SPW 12,660.0,145.0,590.0,16
F80460AV,80,80.0,230,460.0,1028*711*784,1558.0,1064.0,CAT EP25ACN-SP,1028.0,711.0,784.0,1233
F48560EP,48,51.2,280,560.0,805*810*475,850.0,0.0,HGLLI48560EV,805.0,810.0,475.0,964
F24690H,24,25.6,230,690.0,970*345*774,726.0,0.0,Yale 0S030BF,970.0,345.0,774.0,337
F48560DK,48,51.2,280,560.0,904*810*477,840.0,0.0,丰田8FB25,904.0,810.0,477.0,935
F48560AY,48,51.2,280,560.0,820*780*460,312.0,0.0,,820.0,780.0,460.0,873
F48280AG,48,51.2,280,280.0,739*380*560,170.0,0.0,MK,739.0,380.0,560.0,590
F24150AB,24,25.6,150,150.0,635*208*538,200.0,120.0,HYSTER W25Z,635.0,208.0,538.0,42
F80314K,80,80.0,314,314.0,1000*592*560,974.0,0.0,TOYOTA 8FBE16T ,1000.0,592.0,560.0,1185
F24315M,24,25.6,105,315.0,790*210*810,315.0,0.0,,790.0,210.0,810.0,233
F48942A,48,51.2,314,942.0,1123*427*784,1119.0,675.0,Still FM-X 20HD,1123.0,427.0,784.0,1131
F48560AR,48,51.2,280,560.0,827*735*627,1032.0,695.0,BAT.48V-750AH (6 PZS 750) PB,827.0,735.0,627.0,866
F48690UL-HD-1,48,51.2,230,690.0,960*425*580,390.0,0.0,,960.0,425.0,580.0,1100
F80690Q,80,80.0,230,690.0,1025*996*784,2090.0,1346.0,,1025.0,996.0,784.0,1331
F24460AD,24,25.6,230,460.0,774*330*665,431.0,0.0, Yale MO150T,774.0,330.0,665.0,272
F48690Q,48,51.2,230,690.0,980*673*596,1180.0,830.0,,980.0,673.0,596.0,1095
F48420CB,48,51.2,105,420.0,830*520*625,710.0,639.0,CLARK GTX16,830.0,520.0,625.0,701
F36560V,36,38.4,280,560.0,971*819*571,1386.0,1033.0,YALE ERC60VG,971.0,819.0,571.0,400
F80608E,80,80.0,304,608.0,1009.5*831.5*749,1909.0,1423.0,Linde E35PHL,1009.5,831.5,749.0,1291
F24105H,24,25.6,105,105.0,560*165*510,195.0,148.0,,560.0,165.0,510.0,33
F48460AE,48,51.2,230,460.0,1030*529*627,905.0,635.0,Still RX20-16P,1030.0,529.0,627.0,731
F80460X,80,80.0,230,460.0,980*695*300,320.0,0.0,"Clark  GEX
25",980.0,695.0,300.0,1253
F48400D,48,51.2,100,400.0,1223*355*784,950.0,664.0,YES,1223.0,355.0,784.0,658
F48608AB,48,51.2,304,608.0,815*740*475,680.0,380.0,Toyota 7FBH18,815.0,740.0,475.0,983
F80560G-A,80,80.0,280,560.0,1025*852*784,1800.0,1311.0,Hyster J3.5XN,1025.0,852.0,784.0,1269
F36840BC,36,38.4,280,840.0,980*510*780,950.0,0.0,hyster N35ZDR,980.0,510.0,780.0,523
F48840L,48,51.2,280,840.0,970*630*594,980.0,0.0,Hyster J40XN,970.0,630.0,594.0,1118
F48420BU,48,51.2,105,420.0,990*545*627,810.0,503.0,Toyota 8FBN25,990.0,545.0,627.0,696
F48460AG,48,51.2,230,460.0,978*545*635,850.0,0.0,16B-9,978.0,545.0,635.0,734
F24280L,24,25.6,280,280.0,624*212*624,330.0,247.4,WT1200/ WT2400,624.0,212.0,624.0,188
F48560CP,48,51.2,280,560.0,820*620*617,840.0,320.0,SCF6241,820.0,620.0,617.0,913
F36690AY,36,38.4,230,690.0,970*518*749,1227.0,947.0, YALE ESCO40AD,970.0,518.0,749.0,453
F48560AD-A,48,51.2,280,560.0,890*700*600,330.0,0.0,DIBO,890.0,700.0,600.0,862
F36560AC,36,38.4,280,560.0,970*520*571.5,750.0,405.5,TOYOTA 7FBEU18,970.0,520.0,571.5,365
F48420AJ-A,48,51.2,105,420.0,1140*400*570,700.0,448.0,,1140.0,400.0,570.0,671
F48460BI,48,51.2,230,460.0,978*630*635,1030.0,810.0,Hyundai 20B-9,978.0,630.0,635.0,757
F90690B,90,89.6,230,690.0,1026*852*627,1458.0,913.0,Linde E25-1252,1026.0,852.0,627.0,1378
F48420CT,48,51.2,105,420.0,980*465*780,655.0,0.0,Hyster J2.0GX,980.0,465.0,780.0,717
F36608D,36,38.4,304,608.0,960*395*776,998.0,706.0,,960.0,395.0,776.0,404
F36560AW,36,38.4,280,560.0,969*339*776,725.0,0.0,RD 5220-30,969.0,339.0,776.0,383
F36608P,36,38.4,304,608.0,970*628*571,998.0,720.0,Hyster J40XNT,970.0,628.0,571.0,411
F24160I,24,25.6,160,160.0,621*209*625,212.0,0.0,,621.0,209.0,625.0,62
F80690F,80,80.0,230,690.0,1024*850*625,1458.0,863.0,E30L BR 387,1024.0,850.0,625.0,1323
F80560J,80,80.0,280,560.0,1028*700*685,1370.0,827.5,B30NS,1028.0,700.0,685.0,1272
F36690CM,36,38.4,230,690.0,975*413*787,950.0,650.0,Crown RD5725-32,975.0,413.0,787.0,496
F48460EG,48,51.2,230,460.0,970*605*620,952.0,0.0,,970.0,605.0,620.0,822
F24280P,24,25.6,280,280.0,727*200*690,250.0,150.0,,727.0,200.0,690.0,192
F96920A,96,96.0,230,920.0,1400*830*785,4100.0,2550.0,Carer R70H2,1400.0,830.0,785.0,1394
F48304D,48,51.2,304,304.0,1030*348*734,715.0,492.0,ESR 1020 3345mm / 8415 mm 1.6 TON FC DI TV,1030.0,348.0,734.0,608
F24210AS,24,25.6,105,210.0,635*180*650,90.0,16.0,WP3245-45,635.0,180.0,650.0,109
F36608H,36,38.4,304,608.0,818*731.5*495.3,900.0,700.0,,818.0,731.5,495.3,406
F48280K,48,51.2,280,280.0,950*370*560,530.0,355.0,,950.0,370.0,560.0,598
F48560CQ-A,48,51.2,280,560.0,830*738*627,962.0,578.0,J1.6XN LWB,830.0,738.0,627.0,915
F48280N,48,51.2,280,280.0,827*519*627,679.0,476.0,Mitsubishi FB16CN2T,827.0,519.0,627.0,602
F80840I,80,80.0,280,840.0,1028*855*784,2060.0,0.0,,1028.0,855.0,784.0,1349
F24200P,24,25.6,100,200.0,657*197*675,200.0,97.0,BT LPE200,657.0,197.0,675.0,86
F48460FH,48,51.2,230,460.0,978*656*631,1053.0,697.0,SE235 GEX20-30 30DEC,978.0,656.0,631.0,845
F48690CM,48,51.2,230,690.0,1143*1150*571.5,1860.0,1381.0,Yale ERC100VH,1143.0,1150.0,571.5,1074
F80840H,80,80.0,280,840.0,1350*850*845,2700.0,1785.0,MORA EP 80PA,1350.0,850.0,845.0,1348
F48460AX,48,51.2,230,460.0,978*630*635,1030.0,810.0,Bobcat B20T-7 plus,978.0,630.0,635.0,749
F36690CL,36,38.4,230,690.0,975*395*803,976.0,707.0,NPX20,975.0,395.0,803.0,493
F48690DC,48,51.2,230,690.0,512*830*627,675.0,330.0,Crown SCT6020-1.6,512.0,830.0,627.0,1087
F80840Q,80,80.0,280,840.0,1016*978*749,2109.0,1330.0,CLARK GEX40,1016.0,978.0,749.0,1353
F961120A,96,96.0,280,1120.0,1420*615*785,4100.0,2775.0,CARER KF90HD2,1420.0,615.0,785.0,1384
F48840K,48,51.2,280,840.0,1110*980*595,1600.0,976.0,Hyster E80XN E100XN,1110.0,980.0,595.0,1117
F24100G-F,24,25.6,105,100.0,660*191*594,55.0,0.0,,660.0,191.0,594.0,9
F36560AZ,36,38.4,280,560.0,970*628*571.5,998.0,720.0,Hyster J40XNT,970.0,628.0,571.5,385
F24460E,24,25.6,230,460.0,792*357*814,456.0,276.0,LO2.5M,792.0,357.0,814.0,284
F36840BK,36,38.4,280,840.0,983*525*787,1200.0,778.0,Crown RMD6095S,983.0,525.0,787.0,531
F24130H,24,25.6,65,130.0,650*150*680,165.0,80.0,S1.2E,650.0,150.0,680.0,40
F48460EY,48,51.2,230,460.0,970*445*580,700.0,0.0,Nichiyu FB15-80,970.0,445.0,580.0,838
F24230AQ,24,25.6,230,230.0,621*209*625,230.0,128.0,PBP16N3,621.0,209.0,625.0,148
F36608I,36,38.4,304,608.0,971.5*506*574.5,780.0,565.0,Clark SE17T,971.5,506.0,574.5,407
F48210I,48,51.2,105,210.0,752*342*551,355.0,205.0,4CBTK4,752.0,342.0,551.0,574
F48460ER,48,51.2,230,460.0,1028*570*588,1000.0,750.0,住友8FB25PXIV,1028.0,570.0,588.0,831
F24400L,24,25.6,100,400.0,922*323*810,500.0,0.0,OPBM10P,922.0,323.0,810.0,259
F48840S,48,51.2,280,840.0,1105*513*787,1373.0,803.0,Yale NTA030SB,1105.0,513.0,787.0,1124
F36628D,36,38.4,314,628.0,970*510*775,1150.0,0.0,RD270,970.0,510.0,775.0,423
F48420BZ,48,51.2,105,420.0,978*463*730,620.0,350.0,住友项目8859199,978.0,463.0,730.0,699
F80690K,80,80.0,230,690.0,1009*832*749,2135.0,1455.0,,1009.0,832.0,749.0,1327
F80420U,80,80.0,105,420.0,1028*711*784,1560.0,1010.0,CLARK GEX30S,1028.0,711.0,784.0,1210
F36840Z,36,38.4,280,840.0,893*655*574,909.0,0.0,ERC040VA,893.0,655.0,574.0,560
F80690C,80,80.0,230,690.0,1025*855*770,2100.0,1635.0,ERP35VL,1025.0,855.0,770.0,1318
F48420AZ,48,51.2,105,420.0,830*630*627,856.0,591.0,CLark GTX 20,830.0,630.0,627.0,681
F48420BW,48,51.2,105,420.0,1130*395*556,550.0,250.0,FBRM25-85,1130.0,395.0,556.0,697
F48560CC,48,51.2,280,560.0,990*545*627,700.0,350.0,Hyundai 25B-9U,990.0,545.0,627.0,901
F80460M,80,80.0,230,460.0,1000*830*625,1382.0,928.0, Linde E25S,1000.0,830.0,625.0,1244
F48460FL,48,51.2,230,460.0,650*620*700,815.0,0.0,,650.0,620.0,700.0,848
F90460E,90,89.6,230,460.0,1028*708*632,1210.0,775.0,Linde X30-1252,1028.0,708.0,632.0,1371
F24230U,24,25.6,230,230.0,772*323*767,468.0,0.0,Raymond 8410 & RCS-C30TN ,772.0,323.0,767.0,165
F48560BS,48,51.2,280,560.0,970*831*571.5,1451.0,1020.0,认证项目,970.0,831.0,571.5,889
F48608A-B,48,51.2,304,608.0,1000*760*595,1272.0,0.0,Hyundai 25BC-9,1000.0,760.0,595.0,980
F48840N,48,51.2,280,840.0,1150*1110*595,1680.0,0.0,Hyster E120XN ,1150.0,1110.0,595.0,1120
F24400A,24,25.6,100,400.0,624*284*627,260.0,150.0,Hyster Stacker S1.6,624.0,284.0,627.0,249
F48690U,48,51.2,230,690.0,960*425*580,390.0,0.0,,960.0,425.0,580.0,1099
F24640A,24,25.6,160,640.0,922*323*810.5,500.0,279.0,YALE FB25ZR,922.0,323.0,810.5,331
F80690R,80,80.0,230,690.0,1025*996*784,2000.0,1500.0,40/45/50B-9,1025.0,996.0,784.0,1332
F24100H,24,25.6,50,100.0,635*146*538,58.0,0.0,,635.0,146.0,538.0,13
F36690DC,36,38.4,230,690.0,970*510*775,1290.0,1013.0,Crown RR,970.0,510.0,775.0,511
F24560U,24,25.6,280,560.0,901*330*571,476.0,339.0,Yale OS030EF,901.0,330.0,571.0,319
F48460BR,48,51.2,230,460.0,930*738*627,1000.0,674.0,Linde E20PL,930.0,738.0,627.0,765
F48280U,48,51.2,280,280.0,960*375*565,465.0,279.0,住友项目S8860341,960.0,375.0,565.0,605
F80460K,80,80.0,230,460.0,1028*711*784,1558.0,1071.0,CLARK GEX25,1028.0,711.0,784.0,1242
F80230CLA-A,80,76.8,230,230.0,733*973*350,205.0,0.0,Clark LEP16/20s,733.0,973.0,350.0,1165
F80628D,80,80.0,314,628.0,1012*698*749,1704.0,0.0,,1012.0,698.0,749.0,1300
F48560CA,48,51.2,280,560.0,1223*427*784,1119.0,0.0,Linde Reach Truck,1223.0,427.0,784.0,899
F24314L,24,25.6,314,314.0,780*202*623,250.0,0.0,Crown ESI,780.0,202.0,623.0,218
F24280AD,24,25.6,280,280.0,624*284*627,220.0,130.0,Bobcat BSL14S-7,624.0,284.0,627.0,174
F48690AY,48,51.2,230,690.0,980*773*596,1410.0,1080.0,21HX-91210,980.0,773.0,596.0,1038
F24210AI,24,25.6,105,210.0,786*210*630,295.0,207.0,WP3220,786.0,210.0,630.0,96
F48460ET,48,51.2,230,460.0,827*519*627,720.0,428.0,BAT.48V-500AH (4 PZS 500) PB,827.0,519.0,627.0,833
F48460BE,48,51.2,230,460.0,990*545*320,222.0,0.0,TOYOTA 8FBN20,990.0,545.0,320.0,754
F36690Z,36,38.4,230,690.0,970*642*624,978.0,667.0,Clark SE20T,970.0,642.0,624.0,519
F48460BK,48,51.2,230,460.0,978*630*635,1030.0,750.0,Hyundai 20BT-9U,978.0,630.0,635.0,758
F24100Q,24,25.6,50,100.0,660*145*590,60.0,0.0,,660.0,145.0,590.0,20
F36460A-A,36,38.4,230,460.0,971*510*780,1270.0,1055.0,,971.0,510.0,780.0,354
F48460AC-A,48,51.2,230,460.0,970*527*571,907.0,0.0,Yale Model ERP030VT,970.0,527.0,571.0,729
F80420I,80,83.2,105,420.0,940*808*571.5,1350.0,895.0,Toyota 8FBJ35,940.0,808.0,571.5,1199
F80640A,80,80.0,160,640.0,1025*996*784,2095.0,1378.0,Hyundai50B-9,1025.0,996.0,784.0,1303
F48280LF+A,48,51.2,280,280.0,950*520*470,700.0,450.0,,950.0,520.0,470.0,600
F80400M,80,80.0,100,400.0,1026*708*570,858.0,447.0, Linde W20,1026.0,708.0,570.0,1196
F24690G,24,25.6,230,690.0,823*327*772,272.0,0.0,"Hyster W20ZR, W25ZC, W30ZR",823.0,327.0,772.0,336
F36628I,36,38.4,314,628.0,970*628*571.5,1043.0,755.0,Hyster J35-J40XN,970.0,628.0,571.5,428
F36690BP,36,38.4,230,690.0,970*396*749,997.0,705.0,Yale OS030BF,970.0,396.0,749.0,470
F24314F,24,25.6,314,314.0,780*325*625,315.0,0.0,Crown WT3040,780.0,325.0,625.0,213
F48560CH,48,51.2,280,560.0,1223*355*784,1225.0,875.0,CAT EC25N,1223.0,355.0,784.0,905
F48840Y,48,51.2,280,840.0,975*828*576.5,1341.0,715.0,Hyster E50XN ,975.0,828.0,576.5,1129
F48608U,48,51.2,304,608.0,984*841*584,1587.0,1150.0,YALE ERC060VGN48TE088,984.0,841.0,584.0,1004
F801120A,80,80.0,280,1120.0,1235*795*875,2950.0,1972.0,Bulmor EQ 80-14-54 T,1235.0,795.0,875.0,1156
F24210AC,24,25.6,105,210.0,585*210*615,191.0,120.5,Stöcklin EDI 12,585.0,210.0,615.0,90
F48608PA,48,51.2,304,608.0,984*536*750,1150.0,798.0,,984.0,536.0,750.0,1001
F48420CE,48,51.2,105,420.0,999*540*580,503.0,0.0,TOYOTA 8FBN25,999.0,540.0,580.0,704
F48608AG-A,48,51.2,304,608.0,970*831*571,1542.0,0.0,Hyster E50/E60XN,970.0,831.0,571.0,989
F24230M,24,25.6,230,230.0,620*210*568,100.0,0.0,BT LPE200,620.0,210.0,568.0,159
F80460AK,80,80.0,230,460.0,960*950*585,1466.0,0.0,Toyota 8FBH30,960.0,950.0,585.0,1223
F96460B-A,96,96.0,230,460.0,1030*560*780,1000.0,0.0,,1030.0,560.0,780.0,1391
F48460CL,48,51.2,230,460.0,830*630*627,856.0,592.0, Still RX20-16P,830.0,630.0,627.0,785
F48210N,48,51.2,105,210.0,955*370*550,550.0,0.0,TCM/TOYOTA,955.0,370.0,550.0,576
F48420CL,48,51.2,105,420.0,1030*490*655,1032.0,768.0,BAOLI KBE 20,1030.0,490.0,655.0,711
F80314H,80,80.0,314,314.0,765*610*411,250.0,0.0,,765.0,610.0,411.0,1183
F36690CA,36,38.4,230,690.0,970*434*749.5,1089.0,733.0,HYSTER E30HDD,970.0,434.0,749.5,482
F36840K-A,36,38.4,280,840.0,985*525*768,1120.0,793.0,Raymond R40-C40TT,985.0,525.0,768.0,546
F48460CY,48,51.2,230,460.0,815*740*479,680.0,440.0,Toyota 8FB15,815.0,740.0,479.0,797
F36690CZ,36,38.4,230,690.0,970*434*749.5,1089.0,733.0,HYSTER E30HDD,970.0,434.0,749.5,508
F48314T,48,51.2,314,314.0,940*360*570,480.0,0.0,TOYOTA 8FBR15,940.0,360.0,570.0,628
F80460AZ,80,80.0,230,460.0,1028*855*784,1863.0,0.0,FB30AN,1028.0,855.0,784.0,1237
F48460CLA-A,48,51.2,230,460.0,830*630*627,825.0,561.0,FB20N2,830.0,630.0,627.0,786
F24210AU,24,25.6,105,210.0,812.8*222.2*571.5,181.0,104.0,,812.8,222.2,571.5,111
F48460AH-A,48,51.2,230,460.0,1210*417*780,1250.0,971.0,Still RX20-20P,1210.0,417.0,780.0,736
F48460EM,48,51.2,230,460.0,1030*796*533,1020.0,742.0,25B-9F,1030.0,796.0,533.0,827
F24210AW-A,24,25.6,105,210.0,624*212*627,212.0,140.0,Still EXV14c,624.0,212.0,627.0,114
F48315G-B,48,51.2,105,315.0,815*740*475,680.0,460.0,,815.0,740.0,475.0,639
F48314V,48,51.2,314,314.0,973*733*350,195.0,0.0,青岛克拉克,973.0,733.0,350.0,630
F36560V,36,38.4,280,560.0,971*819*571,1386.0,1033.0,,971.0,819.0,571.0,400
F24315G,24,25.6,105,315.0,778*324*590,450.0,330.0,YALE MPE060,778.0,324.0,590.0,229
F48315AC,48,51.2,105,315.0,955*375*570,480.0,270.0,,955.0,375.0,570.0,637
F48560DE,48,51.2,280,560.0,800*710*440,350.0,0.0,,800.0,710.0,440.0,929
F48460ED,48,51.2,230,460.0,1220*424*782,1350.0,0.0,Manitou ER16HD,1220.0,424.0,782.0,818
F48460ED-A,48,51.2,230,460.0,1032*350*782,835.0,530.0,RB14N3L,1032.0,350.0,782.0,819
F24150G,24,25.6,50,150.0,620*208*610,200.0,130.0,,620.0,208.0,610.0,47
F80460AA,80,80.0,230,460.0,913*847*1013,1200.0,730.0,Combilift C3000E,913.0,847.0,1013.0,1214
F48608AC,48,51.2,304,608.0,832*978*560,1302.0,980.0,Crown FC,832.0,978.0,560.0,984
F48560AT,48,51.2,280,560.0,1221*423*784,1063.0,715.0,R1.4,1221.0,423.0,784.0,870
F48460BV,48,51.2,230,460.0,850*425*650,280.0,0.0,,850.0,425.0,650.0,769
F24100C-A,24,25.6,105,100.0,635*215.9*538,55.0,0.0,,635.0,215.9,538.0,1
F48608K,48,51.2,304,608.0,869.1*655*766,1179.0,773.0,Aisle Master AM33,869.1,655.0,766.0,996
F24400G,24,25.6,100,400.0,779*323*593,442.0,0.0,Mitsubishi,779.0,323.0,593.0,255
F48690DE,48,51.2,230,690.0,972*624*580,977.0,507.0,Yale ERP040VT,972.0,624.0,580.0,1089
F80560AK,80,80.0,280,560.0,1025*852*784,1950.0,0.0,Linde X,1025.0,852.0,784.0,1264
F36690AL,36,38.4,230,690.0,970*396*749,975.0,693.0,23BRP-9,970.0,396.0,749.0,440
F48608J,48,51.2,304,608.0,970*831.5*571.5,1542.21,1037.0,Hyster E50XN,970.0,831.5,571.5,995
F48460EU,48,51.2,230,460.0,1028*504*780,907.0,0.0,Hyster J50UT,1028.0,504.0,780.0,834
F80560AB,80,80.0,280,560.0,913*847*1018,1437.0,967.0, Combilift C3000ET,913.0,847.0,1018.0,1256
F24460AK,24,25.6,230,460.0,786*330*700,150.0,0.0,,786.0,330.0,700.0,279
F48690Z,48,51.2,230,690.0,1143*1150*571.5,1140.0,790.0,,1143.0,1150.0,571.5,1108
F24560J,24,25.6,280,560.0,779*325*622,385.5,219.0,Hyster B60ZAC,779.0,325.0,622.0,308
F24230AK,24,25.6,230,230.0,624*284*627,274.0,200.0,S1.4S,624.0,284.0,627.0,145
F48210M,48,51.2,105,210.0,490*373*550,250.0,0.0,,490.0,373.0,550.0,575
F24150L,24,25.6,150,150.0,635*180*539,60.0,0.0,,635.0,180.0,539.0,51
F48690W-A,48,51.2,230,690.0,982*765*595,1200.0,920.0,Toyota 8FBCU25,982.0,765.0,595.0,1105
F48420I-B,48,51.2,105,420.0,1220*353*785,940.0,657.0,,1220.0,353.0,785.0,721
F48460EQ,48,51.2,230,460.0,970*527*571,907.0,0.0,Yale Model ERP030VT,970.0,527.0,571.0,830
F36690BM,36,38.4,230,690.0,983*527*787,1230.0,0.0,RD5700,983.0,527.0,787.0,467
F48560EQ,48,51.2,280,560.0,980*785*525,983.0,0.0,,980.0,785.0,525.0,965
F48315S-A,48,51.2,105,315.0,698*558*458,190.0,0.0,Toyota 7FB15,698.0,558.0,458.0,645
F36560BC,36,38.4,280,560.0,975*395*803,976.0,707.0,NPX20,975.0,395.0,803.0,388
F36690CY,36,38.4,230,690.0,970*831*520,1451.0,1150.0,Hyster E45-60XN,970.0,831.0,520.0,507
F24560Q,24,25.6,280,560.0,776*323*774,453.5,253.0,Crown MPC3040,776.0,323.0,774.0,315
F24100M,24,25.6,105,100.0,635*180*539,50.0,0.0,,635.0,180.0,539.0,17
F48420BI-A,48,51.2,105,420.0,1223*425*787,1120.0,790.0,20BRJ-9060VG,1223.0,425.0,787.0,689
F24100A-A,24,25.6,100,100.0,635*177.8*571,136.0,0.0,,635.0,177.8,571.0,0
F48560BY,48,51.2,280,560.0,1223*427*784,1119.0,769.0,STILL FM-X17,1223.0,427.0,784.0,896
F48460EJ,48,51.2,230,460.0,1035*533*784,940.0,620.0,"Crown ESR 1220 ""8""",1035.0,533.0,784.0,824
F80560AF,80,80.0,280,560.0,1722*525*858,2050.0,0.0,Combilift Mr4 4000KG,1722.0,525.0,858.0,1260
F36608U,36,38.4,304,608.0,980*420*790,917.0,0.0,,980.0,420.0,790.0,416
F48560CQ,48,51.2,280,560.0,830*738*627,962.0,578.0,J1.6XN LWB,830.0,738.0,627.0,914
F36840R,36,38.4,280,840.0,980*780*530,1134.0,635.0,Hyster N35ZDR3,980.0,780.0,530.0,553
F48460BF,48,51.2,230,460.0,982*535*590,715.0,447.0,EP20CB,982.0,535.0,590.0,755
F48690BN,48,51.2,230,690.0,814*627*760,1225.0,856.0,Combilift MR,814.0,627.0,760.0,1054
F24320C,24,25.6,160,320.0,830*224*628,400.0,265.0,,830.0,224.0,628.0,238
F48460CE,48,51.2,230,460.0,830*630*627,960.0,670.0,Crown SC6000-1.6,830.0,630.0,627.0,780
F36690CB,36,38.4,230,690.0,970*831*571,1360.0,1010.0,Doosan BC-305-7,970.0,831.0,571.0,484
F24230N,24,25.6,230,230.0,780*325*570,362.0,295.0,,780.0,325.0,570.0,160
F48560EG-B,48,51.2,280,560.0,985*541*612,760.0,0.0,8FBE15U,985.0,541.0,612.0,955
F48460FQ,48,51.2,230,460.0,982*535*590,853.0,0.0,,982.0,535.0,590.0,850
F48314G,48,51.2,314,314.0,970*445*580,700.0,0.0,8FBN15/Nichiyu FB80,970.0,445.0,580.0,620
F48420BJ,48,51.2,105,420.0,1003*521*627,812.0,503.0, Mitsubishi FB18CN2,1003.0,521.0,627.0,690
F48150A,48,51.2,150,150.0,955*370*550,480.0,310.0,,955.0,370.0,550.0,564
F80690AM,80,80.0,230,690.0,1020*1000*780,2178.0,1518.0,Linde E50/500L,1020.0,1000.0,780.0,1316
F24100H-B,24,25.6,100,100.0,635*146*538,55.0,0.0,Jungheinrich EJE 120,635.0,146.0,538.0,15
F24210BF,24,25.6,105,210.0,750*180*505,85.0,0.0,,750.0,180.0,505.0,122
F48560CW,48,51.2,280,560.0,1223*355*784,939.0,564.0,Linde R16,1223.0,355.0,784.0,921
F48560V-B,48,51.2,280,560.0,1223*427*784,1150.0,805.0,Paletrans rp20,1223.0,427.0,784.0,978
F90560A,90,89.6,280,560.0,1028*990*724,2178.0,1680.0,Linde 1254 E50600 HL,1028.0,990.0,724.0,1373
F24280K,24,25.6,280,280.0,644*218*587,215.0,95.0,SX3000,644.0,218.0,587.0,187
F48608AD,48,51.2,304,608.0,822*744*777,1335.0,804.0,Aisle Master 20SHE,822.0,744.0,777.0,985
F801520A,80,80.0,304,1520.0,1205*1004*860,1700.0,563.0,Kalmar,1205.0,1004.0,860.0,1161
F48280S,48,51.2,280,280.0,1223*283*784,750.0,580.0,R12B - 1120 Reach,1223.0,283.0,784.0,604
F24280AE,24,25.6,280,280.0,624*212*627,212.0,128.0,Hyster S1.2S,624.0,212.0,627.0,175
F24460Z,24,25.6,230,460.0,780*325*780,430.0,0.0, Crown PE4500,780.0,325.0,780.0,301
F36690CJ,36,38.4,230,690.0,975*406*800,935.0,527.0,Raymond 4250,975.0,406.0,800.0,491
F80460AB,80,80.0,230,460.0,1028*711*784,1558.0,1016.0,Still RX60-25,1028.0,711.0,784.0,1215
F80314E,80,80.0,314,314.0,722*420*770,350.0,0.0,,722.0,420.0,770.0,1180
F80230A,80,83.2,230,230.0,795*628*516,375.0,0.0,,795.0,628.0,516.0,1162
F36690DE,36,38.4,230,690.0,970*831*571,1363.0,1010.0,hyster E50,970.0,831.0,571.0,513
F48690BV,48,51.2,230,690.0,987*530*640,675.0,332.0,Toyota 8FBE18,987.0,530.0,640.0,1060
F36690BR,36,38.4,230,690.0,968*516*780,1180.0,792.0,Toyota 8FBE15U,968.0,516.0,780.0,472
F24230R,24,25.6,230,230.0,624*284*627,274.0,214.0,S1.4S,624.0,284.0,627.0,163
F24100H-A,24,25.6,100,100.0,635*146*538,55.0,0.0,Jungheinrich EJE 120,635.0,146.0,538.0,14
F48690CA,48,51.2,230,690.0,970*679*571.5,1134.0,694.0,,970.0,679.0,571.5,1063
F36840BB,36,38.4,280,840.0,975*458*803,1142.0,747.0,NPX22,975.0,458.0,803.0,522
F48320D,48,51.2,160,320.0,990*457*630,700.0,561.0,Toyota 8FBN15,990.0,457.0,630.0,653
F72460J,72,76.8,230,460.0,1025*705*780,1180.0,0.0,,1025.0,705.0,780.0,1147
F48628C,48,51.2,314,628.0,1110*730*555,1100.0,0.0,Bendi B320 ,1110.0,730.0,555.0,1011
F80314F,80,80.0,314,314.0,1028*711*697,1560.0,0.0,B25X-7,1028.0,711.0,697.0,1181
F48560EE,48,51.2,280,560.0,1218*427*799,1131.0,790.0,STILL FM-X17,1218.0,427.0,799.0,953
F80690AG,80,80.0,230,690.0,1025*996*784,2080.0,1335.0,,1025.0,996.0,784.0,1310
F24460D,24,25.6,230,460.0,785*330*665,470.0,322.0,Hyster BE100ZHD,785.0,330.0,665.0,283
F48460CU,48,51.2,230,460.0,825*520*615,295.0,0.0,YALE ERP16VT,825.0,520.0,615.0,793
F24314C-A,24,25.6,314,314.0,624*284*627,300.0,0.0,Crown WT3040,624.0,284.0,627.0,210
F24100T,24,25.6,50,100.0,146*624*604,100.0,42.0,,146.0,624.0,604.0,24
F36690AD,36,38.4,230,690.0,955*395*805,998.0,766.0,Doosan BR20SP-7 PLUS,955.0,395.0,805.0,434
F80920C,80,80.0,230,920.0,1285*1030*780,2874.0,2043.0,9FBM60T,1285.0,1030.0,780.0,1366
F24314T,24,25.6,314,314.0,814*228*652,320.0,0.0,,814.0,228.0,652.0,224
F24105I,24,25.6,105,105.0,635*180*558,100.0,0.0,Raymond 8210,635.0,180.0,558.0,34
F48460AR,48,51.2,230,460.0,800*425*530,297.0,0.0,,800.0,425.0,530.0,745
F48690AX-A,48,51.2,230,690.0,1030*999*523,1230.0,930.0,Hyundai 35B-9U,1030.0,999.0,523.0,1037
F36690BL,36,38.4,230,690.0,970*510*775,1215.0,906.0,RD5700,970.0,510.0,775.0,466
F80420W,80,80.0,105,420.0,985*1013*772,2218.0,1620.0,Cat 2EP10000-80V,985.0,1013.0,772.0,1212
F90628A,90,89.6,314,628.0,1028*708*632,1210.0,642.0,Linde X30,1028.0,708.0,632.0,1376
F48420BQ,48,51.2,105,420.0,1006*522*627,812.0,528.0,CAT EP16ACNT,1006.0,522.0,627.0,694
F80608B,80,80.0,304,608.0,1016*984*774,2160.0,1673.0,,1016.0,984.0,774.0,1287
F48314Z,48,51.2,314,314.0,1223*283*784,750.0,0.0,Yale MR16,1223.0,283.0,784.0,634
F80460AE,80,83.2,230,460.0,1028*680*780,1420.0,993.0,Hyster J3.5UT,1028.0,680.0,780.0,1218
F80304B,80,80.0,304,304.0,847*600*440,250.0,0.0,,847.0,600.0,440.0,1175
F80560U,80,80.0,280,560.0,1009*832*749,2136.0,1671.0,Hyster J70XN,1009.0,832.0,749.0,1281
F48460CX,48,51.2,230,460.0,820*510*770,933.0,0.0,Linde V-modular,820.0,510.0,770.0,796
F24230V,24,25.6,230,230.0,637.5*202*600,65.0,0.0,Yale MPB045,637.5,202.0,600.0,166
F48560EA,48,51.2,280,560.0,1220*420*784,1150.0,0.0,Hyster R1.6,1220.0,420.0,784.0,950
F48460EC,48,51.2,230,460.0,1220*424*782,1350.0,0.0,Manitou ER16HD,1220.0,424.0,782.0,817
F80400I,80,80.0,100,400.0,1030*580*620,440.0,0.0,M800,1030.0,580.0,620.0,1195
F48560AU,48,51.2,280,560.0,842*726*848,1119.0,744.0,Combilift,842.0,726.0,848.0,871
F48560CJ,48,51.2,280,560.0,720*670*570,390.0,0.0,EFG 220,720.0,670.0,570.0,907
F24230L,24,25.6,230,230.0,812.8*222.2*584.2,181.0,104.0,,812.8,222.2,584.2,158
F80608G,80,80.0,304,608.0,900*686*570,500.0,0.0,,900.0,686.0,570.0,1293
F36690CW,36,38.4,230,690.0,970*396*749,975.0,660.0,Jungheinrich ETR 345,970.0,396.0,749.0,505
F48840U,48,51.2,280,840.0,1120*850*780,1900.0,1276.0,Crown TSP,1120.0,850.0,780.0,1126
F80314G,80,80.0,314,314.0,1025*705*710,260.0,0.0,,1025.0,705.0,710.0,1182
F24210AN,24,25.6,105,210.0,873*168*630,240.0,162.0,,873.0,168.0,630.0,100
F48230D,48,51.2,230,230.0,830*414*627,476.0,307.0,CTX 40,830.0,414.0,627.0,578
F80460U,80,80.0,230,460.0,913*847*1018,1460.0,990.0,,913.0,847.0,1018.0,1250
F481120B,48,51.2,280,1120.0,1035*970*571,1973.0,1570.0,7FBCU35,1035.0,970.0,571.0,563
F24150P,24,25.6,50,150.0,621*209*625,212.0,0.0,CAT,621.0,209.0,625.0,54
F24230K,24,25.6,230,230.0,621*209*625,233.0,0.0,,621.0,209.0,625.0,157
F36560BG,36,38.4,280,560.0,972*396*749,863.0,598.0,Yale NR035EC,972.0,396.0,749.0,392
F80840AD,80,80.0,280,840.0,2064*672*646,2614.0,1650.0,CB15-5E,2064.0,672.0,646.0,1343
F24304H,24,25.6,304,304.0,790*210*795,303.0,197.0,Still OPX-L20,790.0,210.0,795.0,205
F80690B,80,80.0,230,690.0,1143*1130*571.5,1909.0,1342.0,Yale ERC120VH,1143.0,1130.0,571.5,1317
F48840F,48,51.2,280,840.0,1117.5*990*571.5,1655.0,1105.0,Yale ERC080VH,1117.5,990.0,571.5,1113
F24100G-C,24,25.6,105,100.0,635*180*538,53.0,0.0,,635.0,180.0,538.0,6
F48608X,48,51.2,304,608.0,970*831*571,1542.0,1130.0,HYSTER E50XN,970.0,831.0,571.0,1007
F80560AE,80,80.0,280,560.0,1009*668*749,1406.0,875.0,Hyster J60UT,1009.0,668.0,749.0,1259
F48690BL,48,51.2,230,690.0,970*520*749,1315.0,905.0,Yale NTA030SB,970.0,520.0,749.0,1052
F36690AU,36,38.4,230,690.0,970*617*571.5,998.0,720.0,"Toyota 8FBE20U
Toyota 8FBEH18U
Toyota 7FBEU20
",970.0,617.0,571.5,449
F24320J,24,25.6,160,320.0,620*280*625,284.0,193.0,Jungheinrich ERE125,620.0,280.0,625.0,245
F48560BS-J,48,51.2,280,560.0,970*831*571.5,216.0,0.0,认证项目-假机,970.0,831.0,571.5,890
F80460AT,80,80.0,230,460.0,722*420*770,350.0,0.0,Clark S25/30/35XE,722.0,420.0,770.0,1231
F48560AY-A,48,51.2,280,560.0,820*780*460,312.0,0.0,,820.0,780.0,460.0,874
F80690AE,80,80.0,230,690.0,1028*855*784,2150.0,0.0,Caterpillar EP50CN,1028.0,855.0,784.0,1308
F48314E,48,51.2,314,314.0,1032*350*769,511.0,0.0,Manitou ER14,1032.0,350.0,769.0,618
F24840A,24,25.6,280,840.0,985.5*361.9*787.4,711.1,504.0,Hyster N40ZRS3,985.5,361.9,787.4,342
F80420J,80,80.0,105,420.0,1026*997*784,2178.0,1631.0,CLARK GEX50,1026.0,997.0,784.0,1200
F24400F,24,25.6,100,400.0,412*220*770,356.0,216.0,Combilift WR4 2000,412.0,220.0,770.0,254
F24230F,24,25.6,230,230.0,645*225*615,110.0,0.0,WP3245-45,645.0,225.0,615.0,156
F36690BO,36,38.4,230,690.0,970*510*775,1290.0,0.0,,970.0,510.0,775.0,469
F48315X,48,51.2,105,315.0,500*800*300,170.0,0.0,,500.0,800.0,300.0,649
F901120B,90,89.6,280,1120.0,1284*1034*784,2785.0,1650.0,Linde E80-1279,1284.0,1034.0,784.0,1367
F80690T,80,80.0,230,690.0,1026*709*627,1300.0,0.0,Linde E25/30,1026.0,709.0,627.0,1334
F36840BF,36,38.4,280,840.0,982*860*595,1406.0,0.0,Toyota 8FBCU30/ 8FBCU32,982.0,860.0,595.0,526
F48560CX,48,51.2,280,560.0,1025*520*780,1119.0,769.0,hyster  R1.6,1025.0,520.0,780.0,922
F36690CA-A,36,38.4,230,690.0,970*434*749.5,1089.0,0.0,HYSTER E30HDD,970.0,434.0,749.5,483
F80560L,80,80.0,280,560.0,1028*855*784,1863.0,1383.0,FB25AN-SP,1028.0,855.0,784.0,1274
F80230CLA-B,80,76.8,230,230.0,530*560*600,305.0,95.0,Clark L25XE,530.0,560.0,600.0,1166
F24230AH,24,25.6,230,230.0,656*196*657,250.0,168.0,Toyota LPE 200,656.0,196.0,657.0,142
F36560BF,36,38.4,280,560.0,960*455*775,1050.0,700.0,Crown RC,960.0,455.0,775.0,391
F48560DY,48,51.2,280,560.0,1210*420*735,1200.0,0.0,BT RR-B2,1210.0,420.0,735.0,948
F80690D,80,80.0,230,690.0,1025*996*784,2435.0,1890.0,40/50B-9,1025.0,996.0,784.0,1319
F48320C,48,51.2,160,320.0,830*630*520,673.0,459.0,YALE ERP15VT,830.0,630.0,520.0,652
F36690BD,36,38.4,230,690.0,975*406*787,850.0,566.0,HYUNDAI 15/18/ 20/23BRP-9,975.0,406.0,787.0,460
F24280I,24,25.6,280,280.0,790*217*795,402.0,301.0,STILL OPX L12,790.0,217.0,795.0,183
F72420C,72,73.6,105,420.0,1422*431*806,1293.0,895.0,Hubtex  GTT-136-E,1422.0,431.0,806.0,1135
F48280Y,48,51.2,280,280.0,540*430*570,160.0,0.0,LUF GmbH,540.0,430.0,570.0,606
F24230AD,24,25.6,230,230.0,624*284*672,302.0,0.0,,624.0,284.0,672.0,139
F48460AT,48,51.2,230,460.0,900*810*475,860.0,530.0,Toyota7FB25,900.0,810.0,475.0,747
F48560Z-A,48,51.2,280,560.0,900*810*470,850.0,527.0,,900.0,810.0,470.0,979
F24280R,24,25.6,280,280.0,998*210*759,250.0,145.0,,998.0,210.0,759.0,194
F48560BA,48,51.2,280,560.0,1028*503*780,920.0,590.0,HYSTER J2.5UT,1028.0,503.0,780.0,877
F24460AE,24,25.6,230,460.0,772*314*762,409.0,0.0,Unicarriers RPX60,772.0,314.0,762.0,273
F24460Q,24,25.6,230,460.0,772*314*762,409.0,235.0,Unicarriers RPX60,772.0,314.0,762.0,293
F80560V,80,80.0,280,560.0,1009*832*736,2182.0,1717.0,Hyster J120XN,1009.0,832.0,736.0,1282
F36560BD,36,38.4,280,560.0,970*520*749,1224.0,880.0,Hyster E40HSD2,970.0,520.0,749.0,389
F24210AZ,24,25.6,105,210.0,210*640*615,230.0,150.0,WP3245-45,210.0,640.0,615.0,117
F80420M,80,83.2,105,420.0,1028*710*745,1500.0,1094.0,Doosan B30NS,1028.0,710.0,745.0,1203
F24280AM,24,25.6,280,280.0,620*280*627,309.0,190.0,Crown DT3040,620.0,280.0,627.0,180
F48460ES,48,51.2,230,460.0,987*532*630,880.0,623.0,TOYOTA,987.0,532.0,630.0,832
F24320D,24,25.6,160,320.0,788*210*630,100.0,0.0,,788.0,210.0,630.0,239
F80690D-B,80,80.0,230,690.0,810*780*570,550.0,0.0,,810.0,780.0,570.0,1321
F80690V,80,80.0,230,690.0,1025*996*784,2095.0,0.0,,1025.0,996.0,784.0,1336
F72460E,72,76.8,230,460.0,880*830*470,380.0,0.0,,880.0,830.0,470.0,1141
F36560AM,36,38.4,280,560.0,974*412*787,934.0,0.0,Toyota RF1-BH2X30,974.0,412.0,787.0,374
F48460FR,48,51.2,230,460.0,830*522*627,679.0,0.0,三菱 FB14N2T,830.0,522.0,627.0,851
F24314H,24,25.6,314,314.0,280*620*623,309.0,0.0,Crown DT3040/ WT3060/ WT3060 1.4/ET4000,280.0,620.0,623.0,215
F48315Y,48,51.2,105,315.0,980*600*495,670.0,537.0,FB15－８,980.0,600.0,495.0,650
F2460B,24,25.6,60,60.0,270*160*400,25.0,0.0,,270.0,160.0,400.0,328
F24210AQ,24,25.6,105,210.0,630*190*530,150.0,100.0,,630.0,190.0,530.0,107
F48420CG,48,51.2,105,420.0,958*376*570,480.0,0.0,,958.0,376.0,570.0,706
F80840F,80,80.0,280,840.0,1028*999*784,2178.0,1597.5,Linde E50/600HL,1028.0,999.0,784.0,1346
F48560DV,48,51.2,280,560.0,894*673*571,864.0,0.0,Hyster E30XN,894.0,673.0,571.0,945
F80460L,80,83.2,230,460.0,1028*680*780,1420.0,992.7,Yale ERP30UX,1028.0,680.0,780.0,1243
F80690N,80,80.0,230,690.0,1028*989*784,2069.0,1463.0,Hyster J4.5XN,1028.0,989.0,784.0,1329
F36690AI,36,38.4,230,690.0,970*400*749,1000.0,700.0,Yale NR040EC,970.0,400.0,749.0,438
F48840V,48,51.2,280,840.0,1220*496*782,1240.0,0.0,CAT NR25N3H,1220.0,496.0,782.0,1127
F48400E,48,51.2,100,400.0,825*625*600,930.0,675.0,SCF 6241 83''/190'' TT 1.6 TON 48V,825.0,625.0,600.0,659
F90608A,90,89.6,304,608.0,1028*708*632,1210.0,642.0,Linde X30,1028.0,708.0,632.0,1374
F24560M,24,25.6,280,560.0,779*325*749,408.0,240.0,UNICARRIERS RPX60,779.0,325.0,749.0,312
F48315D-B,48,51.2,105,315.0,960*620*630,1000.0,0.0,,960.0,620.0,630.0,638
F48420AL-A,48,51.2,105,420.0,827*627*627,856.0,555.0,Linde E16,827.0,627.0,627.0,672
F48560ES,48,51.2,280,560.0,680*980*595,1100.0,750.0,Hyster E50XN,680.0,980.0,595.0,966
F48314K,48,51.2,314,314.0,978*520*627,1000.0,820.0,Bobcat B25NS,978.0,520.0,627.0,622
F48314R,48,51.2,314,314.0,830*522*627,750.0,550.0,,830.0,522.0,627.0,627
F80460Q,80,80.0,230,460.0,1023*705*784,1558.0,1073.0,MITSUBISHI FB25ACN,1023.0,705.0,784.0,1246
F801120D,80,80.0,280,1120.0,1495*990*690,3400.0,2350.0, KALMAR ECG80-9S,1495.0,990.0,690.0,1159
F80460W,80,83.2,230,460.0,1028*711*784,1558.0,1016.0,STILL RX60-25,1028.0,711.0,784.0,1252
F80628B,80,80.0,314,628.0,1009.5*831.5*749,1909.0,1423.0,Linde E35PHL,1009.5,831.5,749.0,1298
F48460CS,48,51.2,230,460.0,827*519*610,860.0,470.0,Still RX 20-16,827.0,519.0,610.0,791
F48315Q,48,51.2,105,315.0,987*532*630,760.0,520.0,Toyota 7FB15,987.0,532.0,630.0,641
F48608V,48,51.2,304,608.0,960*840*580,1260.0,0.0,,960.0,840.0,580.0,1005
F36840BL,36,38.4,280,840.0,983*754*574,1282.0,0.0,Linde E25C,983.0,754.0,574.0,532
F48420BF,48,51.2,105,420.0,1006*630*627,950.0,690.0,FB20N2,1006.0,630.0,627.0,685
F48210H,48,51.2,105,210.0,830*630*427,430.0,211.0,VTA307 model,830.0,630.0,427.0,573
F48690X,48,51.2,230,690.0,982*836*565,1340.0,890.0,FC5725,982.0,836.0,565.0,1106
F80314B,80,80.0,314,314.0,1020*520*620,260.0,0.0,,1020.0,520.0,620.0,1177
F36690DL,36,38.4,230,690.0,980*450*787,1035.0,655.0,"Crown RD5725-32 321""",980.0,450.0,787.0,516
F48690BK,48,51.2,230,690.0,970*832*572,1451.0,1000.0,Hyster E45-60XN,970.0,832.0,572.0,1051
F36840U,36,38.4,280,840.0,1000.5*757*528,1315.0,822.0,Doosan  CB25S-7,1000.5,757.0,528.0,556
F80400A,80,80.0,100,400.0,1030*710*780,1480.0,986.0,YALE ERP25VL,1030.0,710.0,780.0,1188
F48460AP,48,51.2,230,460.0,1050*240*680,300.0,0.0,,1050.0,240.0,680.0,744
F80628E,80,80.0,314,628.0,1009*831*749,2068.0,1423.0,Hyster J70XN,1009.0,831.0,749.0,1301
F36690BX,36,38.4,230,690.0,970*510*775,1433.0,1040.0,"RMD 400"" - 19",970.0,510.0,775.0,479
F24210AE,24,25.6,105,210.0,610*200*610,180.0,109.0,,610.0,200.0,610.0,92
F48628E,48,51.2,314,628.0,1118*635*559,1341.0,0.0,Bendi B40,1118.0,635.0,559.0,1013
F36840BT,36,38.4,280,840.0,970*510*775,1200.0,850.0,"RD 5725 160/366"" 3200 LBS 36V",970.0,510.0,775.0,538
F80560AD,80,80.0,280,560.0,1026*852*627,1458.0,0.0,Linde E30S seri 1276,1026.0,852.0,627.0,1258
F48460AJ,48,51.2,230,460.0,800*425*570,280.0,0.0,Toyota 8FBN25,800.0,425.0,570.0,738
F48460CD-A,48,51.2,230,460.0,830*630*627,812.0,533.0,FB16N2,830.0,630.0,627.0,779
F48560BN,48,51.2,280,560.0,1223*355*784,772.0,377.0,EFG215,1223.0,355.0,784.0,885
F48690AR,48,51.2,230,690.0,978*630*635,1030.0,671.0,"18/20BT-9U
20B-9",978.0,630.0,635.0,1030
F24304G,24,25.6,304,304.0,624*408*459,275.0,200.0,SPIJKSTAAL 304,624.0,408.0,459.0,204
F36560AD,36,38.4,280,560.0,901.5*673*571.5,930.0,662.0,YALE  ERC040VA,901.5,673.0,571.5,366
F48460CR,48,51.2,230,460.0,827*627*610,1020.0,630.0,,827.0,627.0,610.0,790
F48560AP,48,51.2,280,560.0,832*631*784,1132.0,803.0,BAT.48V-775AH (5 PZS 775) PB,832.0,631.0,784.0,864
F36560BA,36,38.4,280,560.0,982*414*778,889.0,658.0,Yale NR035EC,982.0,414.0,778.0,386
F48460BQ,48,51.2,230,460.0,970*425*580,300.0,0.0,,970.0,425.0,580.0,763
F80608D-A,80,80.0,304,608.0,1028*855*784,1800.0,0.0,,1028.0,855.0,784.0,1290
F80460H,80,80.0,230,460.0,1026*852*627,1400.0,1009.0,,1026.0,852.0,627.0,1239
F48690AB,48,51.2,230,690.0,1223*499*784,1241.0,850.0,R1.6-XL,1223.0,499.0,784.0,1020
F48315Z,48,51.2,105,315.0,987*530*640,760.0,520.0,Toyota 8FBE18,987.0,530.0,640.0,651
F48304F,48,51.2,304,304.0,1005*372*565,490.0,230.0,toyota 7FBR15,1005.0,372.0,565.0,610
F48560EF,48,51.2,280,560.0,1212*419*784,1055.0,0.0,BT RRE 200,1212.0,419.0,784.0,954
F48420AF-A,48,51.2,105,420.0,820*528*570,250.0,0.0,,820.0,528.0,570.0,670
F48420BG-A,48,51.2,105,420.0,900*810*475,860.0,530.0,,900.0,810.0,475.0,687
F24210AH-A,24,25.6,105,210.0,780*325*570,362.0,280.0,,780.0,325.0,570.0,95
F48460DC,48,51.2,230,460.0,805*540*459,215.0,0.0,,805.0,540.0,459.0,800
F36608V,36,38.4,304,608.0,970*679*571,1134.0,814.0,Hyster E50XN-28,970.0,679.0,571.0,417
F36690CP,36,38.4,230,690.0,970*396*775,985.0,700.0,PR5725-32,970.0,396.0,775.0,498
F48690BX,48,51.2,230,690.0,970*908*572,1497.0,1048.0,Yale ERC065VG,970.0,908.0,572.0,1062
F48690BI,48,51.2,230,690.0,1117.5*990.5*571.5,1633.0,1322.0,Hyster E65-80XN,1117.5,990.5,571.5,1048
F48560CY,48,51.2,280,560.0,980*610*580,1089.0,764.0,hyster  J40,980.0,610.0,580.0,923
F48460CA,48,51.2,230,460.0,830*630*632,856.0,608.0,Linde 386/E20 E18,830.0,630.0,632.0,775
F24280W-A,24,25.6,280,280.0,727*200*690,275.0,185.0,PBV20N3,727.0,200.0,690.0,197
F24210V,24,25.6,105,210.0,624*284*627,230.0,157.0,Hyster P2.0,624.0,284.0,627.0,129
F48690BD-J,48,51.2,230,690.0,970*832*571.5,1451.0,0.0,,970.0,832.0,571.5,1043
F24130C,24,25.6,65,130.0,658*145*688,195.0,136.0,,658.0,145.0,688.0,37
F48608Z,48,51.2,304,608.0,815*670*556,810.0,520.0,Toyota 7FBH18,815.0,670.0,556.0,1009
F24314U,24,25.6,314,314.0,800*218*774,259.0,0.0,,800.0,218.0,774.0,225
F36560AT,36,38.4,280,560.0,868*670*595,855.0,625.0,Toyota 8FBC15U,868.0,670.0,595.0,380
F24460K,24,25.6,230,460.0,780*330*628,455.0,297.0,SHC5540-40,780.0,330.0,628.0,288
F36608G,36,38.4,304,608.0,990*460*785,366.0,0.0,,990.0,460.0,785.0,405
F36560AE,36,38.4,280,560.0,670*868*595,861.8,599.0,YALE-NDR035EC,670.0,868.0,595.0,367
F48230N,48,51.2,230,230.0,956*370*570,480.0,300.0,,956.0,370.0,570.0,587
F72560B,72,76.8,280,560.0,1015*830*470,503.0,0.0,,1015.0,830.0,470.0,1150
F48690CR,48,51.2,230,690.0,896*673*571,886.0,0.0,,896.0,673.0,571.0,1076
F48315R,48,51.2,105,315.0,960*620*350,200.0,0.0,,960.0,620.0,350.0,643
F72460D,72,76.8,230,460.0,900*785*450,325.0,0.0,"TCM FB30-6,7,8",900.0,785.0,450.0,1140
F36690T,36,38.4,230,690.0,965*508*762,1180.0,832.0,RC5735-35,965.0,508.0,762.0,518
F24150AE,24,25.6,150,150.0,614*270*617,270.0,0.0,Crown WT,614.0,270.0,617.0,45
F24100G-I,24,25.6,105,100.0,660*191*594,55.0,0.0,,660.0,191.0,594.0,12
F80304A,80,80.0,304,304.0,722*420*770,350.0,0.0,,722.0,420.0,770.0,1174
F48690BQ,48,51.2,230,690.0,822*744*772,1335.0,890.0,Aisle Master 20SHE,822.0,744.0,772.0,1056
F36690CE,36,38.4,230,690.0,980*510*760,1190.0,0.0,RT15DP(105-115),980.0,510.0,760.0,487
F36560AS,36,38.4,280,560.0,970*520*749,1224.0,880.0,Hyster E40HSD2,970.0,520.0,749.0,379
F24280J,24,25.6,280,280.0,727*280*674,285.0,170.0,Mitsubishi  SBV16N3I,727.0,280.0,674.0,184
F48460BM,48,51.2,230,460.0,970*628*581,1179.0,905.0,Hyster J40XNT,970.0,628.0,581.0,760
F24314E,24,25.6,314,314.0,412*218*767,400.0,0.0,Combilift WR4 2000KG,412.0,218.0,767.0,212
F48460CN,48,51.2,230,460.0,828*630*623,975.0,695.0,Hyster J35UTT,828.0,630.0,623.0,787
F48690CF,48,51.2,230,690.0,970*831.8*517.5,1450.0,1080.0,Hyster E60XN,970.0,831.8,517.5,1066
F48560AX,48,51.2,280,560.0,889*647.7*574.8,896.0,580.0,,889.0,647.7,574.8,872
F24690D,24,25.6,230,690.0,892*322*772,762.0,538.0,Brady IFS,892.0,322.0,772.0,333
F48420BL,48,51.2,105,420.0,950*350*570,300.0,0.0,,950.0,350.0,570.0,692
F24460T,24,25.6,230,460.0,778*332*590,455.0,297.0,SHC5540-40,778.0,332.0,590.0,295
F48608Y,48,51.2,304,608.0,830*630*627,880.0,529.0,HYSTER J1.8XN,830.0,630.0,627.0,1008
F80560I-2,80,80.0,280,560.0,1028*855*784,1863.0,0.0,GEX30,1028.0,855.0,784.0,1271
F36690AX,36,38.4,230,690.0,970*410*782,1035.0,735.0,,970.0,410.0,782.0,452
F96460B,96,96.0,230,460.0,1030*560*780,1000.0,0.0,,1030.0,560.0,780.0,1390
F48460DR,48,51.2,230,460.0,1223*355*784,901.0,620.0,CROWN ESR1240-1.4,1223.0,355.0,784.0,811
F24315I,24,25.6,105,315.0,784*208*777,239.0,66.0,,784.0,208.0,777.0,230
F48608AG,48,51.2,304,608.0,970*831*571,1496.0,0.0,Hyster E50/E60XN,970.0,831.0,571.0,988
F24280Y,24,25.6,280,280.0,279*619*622,295.0,205.0,CROWN,279.0,619.0,622.0,198
F24230W,24,25.6,230,230.0,621*209*625,233.0,0.0,,621.0,209.0,625.0,167
F48420CU,48,51.2,105,420.0,956*375*560,480.0,245.0,CRX15FL,956.0,375.0,560.0,718
F36560BE,36,38.4,280,560.0,953*394*775,907.0,598.0,Crown RD5225-30/16”,953.0,394.0,775.0,390
F48420CK,48,51.2,105,420.0,980*660*495,670.0,0.0,FB15-6,980.0,660.0,495.0,710
F48840D,48,51.2,280,840.0,970*831.5*571.5,1410.0,898.0,Hyster E50XN ,970.0,831.5,571.5,1112
F36840BV,36,38.4,280,840.0,975*405*787,910.0,616.0,Toyota RF1-BH1X35,975.0,405.0,787.0,540
F48628D,48,51.2,314,628.0,973*678*579,1167.0,0.0,,973.0,678.0,579.0,1012
F48628I,48,51.2,314,628.0,975*683*57,1068.0,0.0,,975.0,683.0,57.0,1017
F48690V,48,51.2,230,690.0,960*425*580,385.0,0.0,,960.0,425.0,580.0,1102
F24304D-B,24,25.6,304,304.0,657*243*675,245.0,123.5,,657.0,243.0,675.0,202
F24100Z,24,25.6,100,100.0,609.5*180*774.5,55.0,0.0,,609.5,180.0,774.5,32
F48460BX,48,51.2,230,460.0,830*738*627,962.0,686.0,J2.0XN LWB,830.0,738.0,627.0,771
F36690CV,36,38.4,230,690.0,970*508*774.5,1224.0,915.0,Jungheinrich ETG 318,970.0,508.0,774.5,504
F90690C,90,89.6,230,690.0,1026*852*627,1458.0,0.0,,1026.0,852.0,627.0,1379
F24210AA,24,25.6,105,210.0,640*204*615,203.0,110.0,WP3245-45,640.0,204.0,615.0,88
F48560BT,48,51.2,280,560.0,1003*973*508,1150.0,976.0,Hyundai 30B-9U,1003.0,973.0,508.0,891
F36840BU,36,38.4,280,840.0,970*510*775,1200.0,850.0,"RR/ RD 140/321"" 4500 LBS",970.0,510.0,775.0,539
F48460BY,48,51.2,230,460.0,830*738*627,1125.0,835.0,EFG216,830.0,738.0,627.0,772
F24420S,24,25.6,105,420.0,928*210*750,330.0,185.0,Cat NSR16N2,928.0,210.0,750.0,267
F24100G-H,24,25.6,105,100.0,660*191*594,90.7,35.7,,660.0,191.0,594.0,11
F24560L,24,25.6,280,560.0,779*325*571,375.0,210.0,,779.0,325.0,571.0,310
F48280J,48,51.2,280,280.0,980*398*760,850.0,635.0,B20NSC,980.0,398.0,760.0,597
F36560AJ,36,38.4,280,560.0,970*340*749,771.0,507.0,Hyster N35ZRS3,970.0,340.0,749.0,371
F80608I,80,80.0,304,608.0,1025*708*784,1600.0,0.0,Hyundai  25BH-9,1025.0,708.0,784.0,1295
F24230AL,24,25.6,230,230.0,620*202*623,212.0,145.0,Crown,620.0,202.0,623.0,146
F48460EX,48,51.2,230,460.0,980*465*780,655.0,0.0,,980.0,465.0,780.0,837
F24100N,24,25.6,100,100.0,635*221*538,55.0,0.0,Yale-MPB045VH,635.0,221.0,538.0,18
F48315Q-A,48,51.2,105,315.0,987*532*630,760.0,520.0,Toyota 7FB15,987.0,532.0,630.0,642
F72460F,72,76.8,230,460.0,970*880*440,440.0,0.0,,970.0,880.0,440.0,1142
F48460EN,48,51.2,230,460.0,1030*796*533,1020.0,742.0,,1030.0,796.0,533.0,828
F80560AG,80,80.0,280,560.0,1025*708*769,1480.0,0.0,,1025.0,708.0,769.0,1261
F36840BS,36,38.4,280,840.0,985*413*788,839.0,698.0,N35ZR3,985.0,413.0,788.0,537
F801120C,80,80.0,280,1120.0,1205*860*1005,1710.0,0.0,,1205.0,860.0,1005.0,1158
F48420BK,48,51.2,105,420.0,978*463*780,655.0,385.0,住友项目8858415,978.0,463.0,780.0,691
F48560EC,48,51.2,280,560.0,980*627*625,1050.0,654.0,Bobcat B20T-7P,980.0,627.0,625.0,951
F24280J-B,24,25.6,280,280.0,727*280*674,285.0,170.0,Mitsubishi  SBV16N3I,727.0,280.0,674.0,186
F48560EW,48,51.2,280,560.0,830*630*780,1200.0,860.0,Unicarer T1B2R25,830.0,630.0,780.0,969
F48420CH,48,51.2,105,420.0,1220*420*784,710.0,415.0,Hyster R1.6,1220.0,420.0,784.0,707
F36690CX,36,38.4,230,690.0,965*444*774,1068.0,758.0,Toyota SR1-BET40,965.0,444.0,774.0,506
F48690CL,48,51.2,230,690.0,720*820*620,990.0,0.0,Crown SCF6061-2.0,720.0,820.0,620.0,1072
F36690BQ,36,38.4,230,690.0,985*541*612,726.0,523.0,Toyota 8FBE15U,985.0,541.0,612.0,471
F48460FY,48,51.2,230,460.0,1223*427*784,1063.0,0.0,Linde,1223.0,427.0,784.0,856
F48460AN,48,51.2,230,460.0,1032*350*782,835.0,0.0,RB14N3L,1032.0,350.0,782.0,743
F24320I,24,25.6,160,320.0,624*284*627,284.0,0.0,,624.0,284.0,627.0,244
F24100P,24,25.6,100,100.0,624*212*627,200.0,145.0,Hyster,624.0,212.0,627.0,19
F80690AL,80,80.0,230,690.0,1028*989*784,2069.0,1463.0,Hyster J4.5XN,1028.0,989.0,784.0,1315
F36690BC,36,38.4,230,690.0,970*518*749,1227.0,884.0,,970.0,518.0,749.0,456
F80314C,80,80.0,314,314.0,1028*711*784,1603.0,0.0,FB25ACN-SP,1028.0,711.0,784.0,1178
F24460AB,24,25.6,230,460.0,779.78*322.58*584.2,250.0,0.0,Yale MPE060VH,779.78,322.58,584.2,270
F48560DZ,48,51.2,280,560.0,1025*565*664,960.0,731.0,Hyster J2.5GX side extraction,1025.0,565.0,664.0,949
F80420T,80,80.0,105,420.0,1009*831*749,2131.0,1580.0,Hyster J70XN,1009.0,831.0,749.0,1209
F36560AL,36,38.4,280,560.0,975*406*784,935.0,670.0,Toyota RF1-BH2X30,975.0,406.0,784.0,373
F48460DD,48,51.2,230,460.0,800*425*570,280.0,0.0,,800.0,425.0,570.0,801
F24690J,24,25.6,230,690.0,780*325*575,445.0,0.0,"Crown PE4000 (13,12)",780.0,325.0,575.0,339
F48460BR,48,51.2,230,460.0,960*609*571.5,400.0,265.0,YALE FB25ZR,960.0,609.0,571.5,765
F80690H,80,80.0,230,690.0,1028*680*780,1420.0,815.0,ERP30UX/ERP35UX,1028.0,680.0,780.0,1325
F24210Q,24,25.6,105,210.0,638*193*560,70.0,0.0,,638.0,193.0,560.0,125
F48560AQ,48,51.2,280,560.0,1000*980*520,1150.0,805.0,Hyundai 30B-9U,1000.0,980.0,520.0,865
F48840Q,48,51.2,280,840.0,1117.5*990.5*571.5,1769.0,1145.0,Yale ERC080VH,1117.5,990.5,571.5,1122
F96942CLA-A,96,96.0,314,942.0,1170*770*770,850.0,0.0,Clark L70XE,1170.0,770.0,770.0,1395
F24200M,24,25.6,100,200.0,786*310*630,354.0,272.0, Linde V08-02 - type 4594-00,786.0,310.0,630.0,84
F24608B,24,25.6,304,608.0,850*350*670,312.0,102.0,Crown SP 3020-30,850.0,350.0,670.0,324
F80460AU,80,80.0,230,460.0,722*420*770,350.0,0.0,Clark S25/30/35XE,722.0,420.0,770.0,1232
F36690BI,36,38.4,230,690.0,966*450*774,1010.0,720.0,Clark NPX22-E,966.0,450.0,774.0,463
F24210AY,24,25.6,105,210.0,800*215*585,250.0,170.0,Paletrans PT/TE25,800.0,215.0,585.0,116
F48690AX,48,51.2,230,690.0,1030*999*523,1230.0,930.0,Hyundai 35B-9U,1030.0,999.0,523.0,1036
F48690I,48,51.2,230,690.0,1028*564*755,1000.0,600.0,B25NS,1028.0,564.0,755.0,1093
F48840M,48,51.2,280,840.0,980*910*540,1400.0,97.0,Crown F5745-65,980.0,910.0,540.0,1119
F80608F,80,80.0,304,608.0,1025*852*784,1770.0,1284.0,,1025.0,852.0,784.0,1292
F48460T-A,48,51.2,230,460.0,1006*630*610,986.0,707.0,"FB16-20A(C)N 48V
",1006.0,630.0,610.0,860
F48840C,48,51.2,280,840.0,842*803*848,1399.5,941.5,20NE,842.0,803.0,848.0,1111
